year,team_name,elo_rating,elo_rank,elo_1yr_change_rating,world_cup_year,count_matches
1981,West Germany,2111,1,0,1982,7
1981,Brazil,2091,2,46,1982,5
1981,Argentina,2006,3,7,1982,5
1981,Soviet Union,2001,4,49,1982,5
1981,Poland,1959,5,12,1982,7
1981,Belgium,1917,6,0,1982,5
1981,Yugoslavia,1916,7,42,1982,3
1981,Italy,1914,8,0,1982,7
1981,Netherlands,1912,9,0,1982,0
1981,East Germany,1912,9,0,1982,0
1981,England,1899,11,0,1982,5
1981,Austria,1895,12,0,1982,5
1981,France,1894,13,0,1982,7
1981,Czechoslovakia,1893,14,0,1982,3
1981,Spain,1878,15,30,1982,5
1981,Wales,1850,16,0,1982,0
1981,Scotland,1847,17,52,1982,3
1981,Hungary,1808,18,33,1982,3
1981,South Africa,1797,19,0,1982,0
1981,Uruguay,1790,20,54,1982,0
1981,Northern Ireland,1786,21,0,1982,5
1981,Chile,1785,22,83,1982,3
1981,Ireland,1778,23,29,1982,0
1981,Romania,1771,24,0,1982,0
1981,Denmark,1755,25,101,1982,0
1981,Bulgaria,1747,26,79,1982,0
1981,Portugal,1746,27,0,1982,0
1981,Iran,1741,28,0,1982,0
1981,Peru,1727,29,0,1982,3
1981,Iraq,1724,30,6,1982,0
1981,Sweden,1721,31,77,1982,0
1981,Paraguay,1687,32,0,1982,0
1981,South Korea,1686,33,0,1982,0
1981,Israel,1686,33,9,1982,0
1981,Ghana,1683,35,19,1982,0
1981,Algeria,1676,36,1,1982,3
1981,Greece,1669,37,0,1982,0
1981,Mexico,1667,38,0,1982,0
1981,Switzerland,1663,39,88,1982,0
1981,Tunisia,1660,40,0,1982,0
1981,Kuwait,1655,41,79,1982,3
1981,China,1638,42,54,1982,0
1981,Egypt,1621,43,14,1982,0
1981,Honduras,1621,43,57,1982,3
1981,Cameroon,1618,45,31,1982,3
1981,Canada,1611,46,15,1982,0
1981,Zaire,1604,47,2,1982,0
1981,El Salvador,1597,48,63,1982,3
1981,Morocco,1589,49,0,1982,0
1981,New Zealand,1588,50,118,1982,3
1981,Colombia,1587,51,7,1982,0
1981,North Korea,1585,52,0,1982,0
1981,Senegal,1583,53,0,1982,0
1981,Cuba,1581,54,0,1982,0
1981,Zambia,1576,55,76,1982,0
1981,Mali,1574,56,31,1982,0
1981,Australia,1573,57,0,1982,0
1981,Tahiti,1563,58,36,1982,0
1981,Nigeria,1558,59,0,1982,0
1981,Congo,1555,60,0,1982,0
1981,Libya,1542,61,0,1982,0
1981,Bolivia,1542,61,0,1982,0
1981,Ivory Coast,1541,63,0,1982,0
1981,Guinea,1537,64,0,1982,0
1981,Zimbabwe,1536,65,19,1982,0
1981,Turkey,1529,66,0,1982,0
1981,Norway,1520,67,0,1982,0
1981,St Vincent & Grenadines,1520,67,20,1982,0
1981,United States,1514,69,0,1982,0
1981,Guatemala,1507,70,0,1982,0
1981,Costa Rica,1505,71,0,1982,0
1981,Iceland,1499,72,85,1982,0
1981,Trinidad and Tobago,1492,73,69,1982,0
1981,Japan,1484,74,0,1982,0
1981,Ecuador,1482,75,9,1982,0
1981,Malawi,1479,76,0,1982,0
1981,Kenya,1477,77,82,1982,0
1981,Angola,1473,78,0,1982,0
1981,Suriname,1470,79,0,1982,0
1981,Haiti,1467,80,0,1982,0
1981,Finland,1457,81,31,1982,0
1981,Tanzania,1453,82,7,1982,0
1981,Northern Cyprus,1452,83,0,1982,0
1981,Thailand,1447,84,12,1982,0
1981,Albania,1440,85,0,1982,0
1981,Togo,1432,86,0,1982,0
1981,Uganda,1430,87,9,1982,0
1981,Sudan,1424,88,0,1982,0
1981,Madagascar,1418,89,8,1982,0
1981,Saudi Arabia,1398,90,0,1982,0
1981,Malta,1395,91,55,1982,0
1981,Guadeloupe,1387,92,0,1982,0
1981,Martinique,1377,93,0,1982,0
1981,Sierra Leone,1376,94,0,1982,0
1981,Hong Kong,1374,95,2,1982,0
1981,Gabon,1374,95,27,1982,0
1981,New Caledonia,1368,97,0,1982,0
1981,Ethiopia,1367,98,0,1982,0
1981,Liberia,1360,99,3,1982,0
1981,Venezuela,1358,100,30,1982,0
1981,Central African Republic,1352,101,0,1982,0
1981,Burma,1349,102,0,1982,0
1981,Gambia,1327,103,0,1982,0
1981,Grenada,1326,104,0,1982,0
1981,Benin,1324,105,0,1982,0
1981,Pakistan,1316,106,23,1982,0
1981,French Guiana,1312,107,33,1982,0
1981,Bermuda,1308,108,0,1982,0
1981,Upper Volta,1304,109,0,1982,0
1981,Chad,1303,110,0,1982,0
1981,Aruba,1302,111,0,1982,0
1981,Khmer Republic,1301,112,0,1982,0
1981,Mozambique,1300,113,12,1982,0
1981,Lebanon,1297,114,0,1982,0
1981,Dominica,1284,115,0,1982,0
1981,Syria,1283,116,0,1982,0
1981,Malaysia,1281,117,0,1982,0
1981,Jamaica,1273,118,18,1982,0
1981,Indonesia,1258,119,0,1982,0
1981,Cyprus,1255,120,0,1982,0
1981,Barbados,1255,120,23,1982,0
1981,Guinea-Bissau,1246,122,0,1982,0
1981,South Yemen,1245,123,5,1982,0
1981,Netherlands Antilles,1240,124,9,1982,0
1981,Guyana,1240,124,0,1982,0
1981,Mauritius,1237,126,14,1982,0
1981,Qatar,1233,127,57,1982,0
1981,Singapore,1228,128,0,1982,0
1981,Saint Lucia,1224,129,0,1982,0
1981,Burundi,1222,130,0,1982,0
1981,Faroe Islands,1218,131,0,1982,0
1981,Niger,1217,132,41,1982,0
1981,Palestine,1217,132,0,1982,0
1981,Cape Verde,1211,134,29,1982,0
1981,Luxembourg,1208,135,0,1982,0
1981,South Vietnam,1206,136,0,1982,0
1981,India,1204,137,2,1982,0
1981,Lesotho,1195,138,0,1982,0
1981,Panama,1186,139,0,1982,0
1981,Taiwan,1184,140,19,1982,0
1981,Fiji,1169,141,0,1982,0
1981,Bahrain,1166,142,0,1982,0
1981,Jordan,1160,143,0,1982,0
1981,Somalia,1152,144,0,1982,0
1981,Liechtenstein,1142,145,0,1982,0
1981,Swaziland,1139,146,0,1982,0
1981,Antigua and Barbuda,1129,147,0,1982,0
1981,Papua New Guinea,1126,148,87,1982,0
1981,British Honduras,1117,149,0,1982,0
1981,Saint Kitts and Nevis,1110,150,0,1982,0
1981,Réunion,1104,151,0,1982,0
1981,Solomon Islands,1088,152,0,1982,0
1981,United Arab Emirates,1087,153,64,1982,0
1981,Bonaire,1075,154,0,1982,0
1981,Rwanda,1073,155,29,1982,0
1981,Vanuatu,1072,156,0,1982,0
1981,Equatorial Guinea,1064,157,0,1982,0
1981,São Tomé and Príncipe,1058,158,0,1982,0
1981,Macao,1046,159,0,1982,0
1981,Zanzibar,1040,160,0,1982,0
1981,Mauritania,1014,161,0,1982,0
1981,Botswana,1012,162,0,1982,0
1981,Nicaragua,997,163,0,1982,0
1981,Seychelles,985,164,0,1982,0
1981,Greenland,982,165,0,1982,0
1981,Bangladesh,965,166,0,1982,0
1981,Puerto Rico,952,167,5,1982,0
1981,Laos,940,168,0,1982,0
1981,Sint Maarten,915,169,0,1982,0
1981,Nepal,915,169,0,1982,0
1981,Bahamas,915,169,0,1982,0
1981,Dominican Republic,913,172,0,1982,0
1981,Brunei,910,173,0,1982,0
1981,Philippines,909,174,0,1982,0
1981,Mongolia,896,175,0,1982,0
1981,French Somaliland,889,176,0,1982,0
1981,Comoros,889,176,0,1982,0
1981,Sri Lanka,887,178,0,1982,0
1981,Afghanistan,861,179,0,1982,0
1981,North Yemen,838,180,0,1982,0
1981,Oman,782,181,0,1982,0
1981,Maldives,764,182,0,1982,0
1981,Tuvalu,752,183,0,1982,0
1981,Guam,748,184,0,1982,0
1981,Tonga,692,185,0,1982,0
1981,Wallis and Futuna,687,186,0,1982,0
1981,Tibet,685,187,0,1982,0
1981,Cook Islands,679,188,0,1982,0
1981,Montserrat,627,189,0,1982,0
1981,Western Samoa,611,190,0,1982,0
1981,Kiribati,599,191,0,1982,0
1985,Soviet Union,2006,1,6,1986,4
1985,France,1990,2,0,1986,7
1985,England,1936,3,0,1986,5
1985,Denmark,1930,4,41,1986,4
1985,Brazil,1920,5,0,1986,5
1985,West Germany,1907,6,0,1986,7
1985,East Germany,1889,7,30,1986,0
1985,Italy,1884,8,3,1986,4
1985,Argentina,1879,9,0,1986,7
1985,Netherlands,1873,10,24,1986,0
1985,Sweden,1872,11,34,1986,0
1985,Hungary,1871,12,45,1986,3
1985,Spain,1864,13,0,1986,5
1985,Scotland,1864,13,0,1986,3
1985,Uruguay,1861,15,0,1986,4
1985,Belgium,1844,16,43,1986,7
1985,Northern Ireland,1843,17,20,1986,3
1985,Mexico,1836,18,47,1986,5
1985,Czechoslovakia,1832,19,0,1986,0
1985,Portugal,1831,20,0,1986,3
1985,Bulgaria,1822,21,74,1986,4
1985,Poland,1815,22,0,1986,4
1985,Yugoslavia,1813,23,12,1986,0
1985,South Africa,1797,24,0,1986,0
1985,Romania,1792,25,24,1986,0
1985,Wales,1792,25,19,1986,0
1985,Chile,1790,27,17,1986,0
1985,Paraguay,1778,28,0,1986,4
1985,Austria,1751,29,0,1986,0
1985,Switzerland,1737,30,0,1986,0
1985,Ireland,1713,31,0,1986,0
1985,Iraq,1703,32,88,1986,3
1985,Morocco,1695,33,21,1986,4
1985,Peru,1684,34,43,1986,0
1985,Norway,1683,35,15,1986,0
1985,Canada,1676,36,70,1986,3
1985,Colombia,1661,37,75,1986,0
1985,Algeria,1650,38,0,1986,3
1985,Israel,1645,39,0,1986,0
1985,Australia,1644,40,71,1986,0
1985,Iran,1641,41,0,1986,0
1985,South Korea,1635,42,97,1986,3
1985,Egypt,1633,43,0,1986,0
1985,Honduras,1619,44,0,1986,0
1985,Libya,1613,45,40,1986,0
1985,Ivory Coast,1607,46,16,1986,0
1985,Greece,1601,47,0,1986,0
1985,Zambia,1600,48,0,1986,0
1985,Tunisia,1596,49,0,1986,0
1985,Nigeria,1595,50,17,1986,0
1985,Tahiti,1595,50,15,1986,0
1985,Senegal,1594,52,95,1986,0
1985,Zaire,1586,53,0,1986,0
1985,Malawi,1585,54,5,1986,0
1985,Saudi Arabia,1581,55,0,1986,0
1985,Ghana,1576,56,0,1986,0
1985,Cameroon,1574,57,0,1986,0
1985,Guatemala,1574,57,8,1986,0
1985,Costa Rica,1560,59,50,1986,0
1985,United States,1553,60,0,1986,0
1985,China,1542,61,0,1986,0
1985,Zimbabwe,1538,62,85,1986,0
1985,North Korea,1537,63,0,1986,0
1985,Ecuador,1534,64,7,1986,0
1985,New Zealand,1527,65,23,1986,0
1985,El Salvador,1527,65,38,1986,0
1985,Martinique,1524,67,32,1986,0
1985,Qatar,1522,68,14,1986,0
1985,Finland,1514,69,21,1986,0
1985,Turkey,1509,70,0,1986,0
1985,Cuba,1509,70,0,1986,0
1985,Bolivia,1503,72,0,1986,0
1985,Togo,1494,73,0,1986,0
1985,Congo,1491,74,0,1986,0
1985,Kuwait,1490,75,0,1986,0
1985,Japan,1486,76,56,1986,0
1985,Iceland,1483,77,0,1986,0
1985,Uganda,1483,77,12,1986,0
1985,Albania,1476,79,0,1986,0
1985,Angola,1470,80,0,1986,0
1985,Mali,1465,81,0,1986,0
1985,Northern Cyprus,1452,82,0,1986,0
1985,Gabon,1446,83,97,1986,0
1985,St Vincent & Grenadines,1436,84,0,1986,0
1985,Suriname,1424,85,0,1986,0
1985,Madagascar,1417,86,0,1986,0
1985,Sudan,1415,87,0,1986,0
1985,Trinidad and Tobago,1413,88,0,1986,0
1985,Guadeloupe,1398,89,28,1986,0
1985,Kenya,1390,90,0,1986,0
1985,United Arab Emirates,1389,91,72,1986,0
1985,Tanzania,1382,92,0,1986,0
1985,Mozambique,1378,93,33,1986,0
1985,Ethiopia,1375,94,0,1986,0
1985,Syria,1371,95,41,1986,0
1985,Guinea,1368,96,0,1986,0
1985,Malta,1368,96,8,1986,0
1985,Venezuela,1362,98,0,1986,0
1985,Bahrain,1351,99,70,1986,0
1985,Haiti,1349,100,0,1986,0
1985,Burkina Faso,1342,101,0,1986,0
1985,New Caledonia,1334,102,0,1986,0
1985,Hong Kong,1333,103,76,1986,0
1985,Sierra Leone,1331,104,0,1986,0
1985,Gambia,1320,105,0,1986,0
1985,Malaysia,1319,106,0,1986,0
1985,Bermuda,1309,107,0,1986,0
1985,Burma,1302,108,4,1986,0
1985,Khmer Republic,1301,109,0,1986,0
1985,Barbados,1300,110,19,1986,0
1985,Fiji,1296,111,0,1986,0
1985,Grenada,1291,112,0,1986,0
1985,Cyprus,1290,113,0,1986,0
1985,Thailand,1290,113,0,1986,0
1985,Central African Republic,1281,115,0,1986,0
1985,Niger,1280,116,0,1986,0
1985,Curaçao,1275,117,9,1986,0
1985,Guinea-Bissau,1269,118,0,1986,0
1985,Jamaica,1268,119,17,1986,0
1985,Chad,1268,119,0,1986,0
1985,Singapore,1268,119,24,1986,0
1985,Mauritius,1266,122,25,1986,0
1985,Cape Verde,1264,123,81,1986,0
1985,French Guiana,1263,124,0,1986,0
1985,Guyana,1256,125,32,1986,0
1985,Saint Lucia,1245,126,0,1986,0
1985,Liberia,1243,127,0,1986,0
1985,Lebanon,1237,128,0,1986,0
1985,Aruba,1233,129,0,1986,0
1985,Benin,1230,130,0,1986,0
1985,Burundi,1226,131,0,1986,0
1985,Panama,1224,132,16,1986,0
1985,India,1220,133,8,1986,0
1985,Palestine,1217,134,0,1986,0
1985,South Vietnam,1206,135,0,1986,0
1985,Faroe Islands,1206,135,0,1986,0
1985,Dominica,1203,137,0,1986,0
1985,Somalia,1200,138,23,1986,0
1985,South Yemen,1189,139,0,1986,0
1985,Antigua and Barbuda,1188,140,0,1986,0
1985,Taiwan,1181,141,0,1986,0
1985,Papua New Guinea,1178,142,1,1986,0
1985,Luxembourg,1168,143,2,1986,0
1985,Lesotho,1168,143,0,1986,0
1985,Jordan,1163,145,13,1986,0
1985,Saint Kitts and Nevis,1148,146,63,1986,0
1985,Réunion,1140,147,12,1986,0
1985,Liechtenstein,1138,148,0,1986,0
1985,Swaziland,1134,149,0,1986,0
1985,Pakistan,1130,150,0,1986,0
1985,Bonaire,1121,151,8,1986,0
1985,Indonesia,1116,152,0,1986,0
1985,Belize,1114,153,0,1986,0
1985,Bangladesh,1108,154,81,1986,0
1985,Equatorial Guinea,1093,155,8,1986,0
1985,Rwanda,1092,156,0,1986,0
1985,Cayman Islands,1091,157,0,1986,0
1985,Mauritania,1073,158,0,1986,0
1985,São Tomé and Príncipe,1056,159,0,1986,0
1985,Zanzibar,1054,160,0,1986,0
1985,Solomon Islands,1043,161,0,1986,0
1985,Macao,1043,161,0,1986,0
1985,Vanuatu,1035,163,0,1986,0
1985,Botswana,1008,164,0,1986,0
1985,Nicaragua,985,165,0,1986,0
1985,Seychelles,975,166,0,1986,0
1985,Puerto Rico,966,167,0,1986,0
1985,Greenland,966,167,0,1986,0
1985,Laos,940,169,0,1986,0
1985,Sint Maarten,915,170,0,1986,0
1985,Sri Lanka,915,170,0,1986,0
1985,Dominican Republic,913,172,0,1986,0
1985,British Virgin Islands,907,173,0,1986,0
1985,Brunei,905,174,0,1986,0
1985,Mongolia,896,175,0,1986,0
1985,Oman,889,176,0,1986,0
1985,Djibouti,880,177,0,1986,0
1985,Comoros,878,178,0,1986,0
1985,Bahamas,877,179,0,1986,0
1985,Afghanistan,860,180,0,1986,0
1985,North Yemen,853,181,30,1986,0
1985,Philippines,843,182,0,1986,0
1985,Nepal,840,183,31,1986,0
1985,Tuvalu,752,184,0,1986,0
1985,Guam,748,185,0,1986,0
1985,Maldives,736,186,0,1986,0
1985,Wallis and Futuna,695,187,0,1986,0
1985,Tibet,685,188,0,1986,0
1985,Cook Islands,679,189,0,1986,0
1985,Tonga,678,190,0,1986,0
1985,Bhutan,643,191,0,1986,0
1985,Montserrat,627,192,0,1986,0
1985,Eastern Samoa,610,193,0,1986,0
1985,Western Samoa,605,194,0,1986,0
1985,Kiribati,599,195,0,1986,0
1985,Anguilla,593,196,0,1986,0
1985,Niue,496,197,0,1986,0
1989,Netherlands,2048,1,1,1990,4
1989,Brazil,2008,2,12,1990,4
1989,West Germany,2001,3,18,1990,7
1989,Italy,1964,4,0,1990,7
1989,Sweden,1960,5,8,1990,3
1989,Soviet Union,1956,6,0,1990,3
1989,England,1945,7,60,1990,7
1989,Spain,1926,8,27,1990,4
1989,Yugoslavia,1923,9,36,1990,5
1989,Denmark,1907,10,85,1990,0
1989,Mexico,1907,10,28,1990,0
1989,Romania,1892,12,0,1990,4
1989,Czechoslovakia,1891,13,43,1990,5
1989,Ireland,1888,14,51,1990,0
1989,Uruguay,1874,15,22,1990,4
1989,France,1866,16,15,1990,0
1989,Belgium,1853,17,49,1990,4
1989,Colombia,1822,18,6,1990,4
1989,Argentina,1803,19,0,1990,7
1989,South Africa,1797,20,0,1990,0
1989,Poland,1792,21,0,1990,0
1989,Portugal,1779,22,22,1990,0
1989,Chile,1778,23,0,1990,0
1989,Scotland,1768,24,0,1990,3
1989,South Korea,1746,25,17,1990,3
1989,Paraguay,1743,26,0,1990,0
1989,East Germany,1740,27,0,1990,0
1989,Hungary,1737,28,0,1990,0
1989,Wales,1735,29,0,1990,0
1989,Austria,1722,30,0,1990,3
1989,Bulgaria,1721,31,0,1990,0
1989,Egypt,1712,32,38,1990,3
1989,Cameroon,1705,33,31,1990,5
1989,Ivory Coast,1676,34,25,1990,0
1989,Australia,1676,34,0,1990,0
1989,Switzerland,1674,36,0,1990,0
1989,Algeria,1666,37,51,1990,0
1989,Norway,1662,38,0,1990,0
1989,Greece,1661,39,0,1990,0
1989,Turkey,1649,40,67,1990,0
1989,Northern Ireland,1644,41,0,1990,0
1989,Iraq,1640,42,0,1990,0
1989,Israel,1634,43,23,1990,0
1989,Ecuador,1634,43,61,1990,0
1989,Costa Rica,1614,45,48,1990,4
1989,United States,1611,46,36,1990,3
1989,Nigeria,1609,47,41,1990,0
1989,Finland,1609,47,0,1990,0
1989,Morocco,1592,49,0,1990,0
1989,Saudi Arabia,1586,50,0,1990,0
1989,Iran,1580,51,0,1990,0
1989,Honduras,1570,52,0,1990,0
1989,Zaire,1569,53,0,1990,0
1989,Bolivia,1567,54,79,1990,0
1989,Libya,1566,55,0,1990,0
1989,Senegal,1560,56,15,1990,0
1989,China,1555,57,0,1990,0
1989,Canada,1554,58,0,1990,0
1989,Iceland,1548,59,5,1990,0
1989,Trinidad and Tobago,1541,60,5,1990,0
1989,Tahiti,1540,61,0,1990,0
1989,Uganda,1534,62,47,1990,0
1989,United Arab Emirates,1529,63,57,1990,3
1989,North Korea,1523,64,0,1990,0
1989,Peru,1522,65,0,1990,0
1989,New Zealand,1518,66,25,1990,0
1989,Kuwait,1515,67,20,1990,0
1989,Zambia,1514,68,0,1990,0
1989,Qatar,1495,69,47,1990,0
1989,Cuba,1485,70,0,1990,0
1989,Ghana,1477,71,3,1990,0
1989,Syria,1477,71,0,1990,0
1989,Tunisia,1474,73,0,1990,0
1989,Zimbabwe,1471,74,0,1990,0
1989,Ethiopia,1466,75,17,1990,0
1989,Malawi,1462,76,0,1990,0
1989,Guatemala,1460,77,0,1990,0
1989,Angola,1456,78,0,1990,0
1989,Mali,1456,78,48,1990,0
1989,Kenya,1452,80,81,1990,0
1989,Northern Cyprus,1452,80,0,1990,0
1989,Gabon,1451,82,0,1990,0
1989,Madagascar,1451,82,0,1990,0
1989,Guadeloupe,1429,84,44,1990,0
1989,Sudan,1428,85,0,1990,0
1989,Liberia,1426,86,71,1990,0
1989,Guinea,1422,87,0,1990,0
1989,Fiji,1421,88,7,1990,0
1989,Albania,1418,89,0,1990,0
1989,Martinique,1416,90,0,1990,0
1989,El Salvador,1415,91,0,1990,0
1989,Burkina Faso,1412,92,0,1990,0
1989,Japan,1408,93,37,1990,0
1989,Congo,1402,94,0,1990,0
1989,Suriname,1398,95,0,1990,0
1989,Togo,1386,96,0,1990,0
1989,Malta,1381,97,0,1990,0
1989,Bahrain,1374,98,0,1990,0
1989,St Vincent & Grenadines,1368,99,0,1990,0
1989,Sierra Leone,1365,100,0,1990,0
1989,Venezuela,1361,101,4,1990,0
1989,Netherlands Antilles,1352,102,42,1990,0
1989,Mozambique,1351,103,49,1990,0
1989,Haiti,1347,104,0,1990,0
1989,Bermuda,1344,105,20,1990,0
1989,Grenada,1343,106,64,1990,0
1989,Niger,1340,107,15,1990,0
1989,Guinea-Bissau,1326,108,17,1990,0
1989,Malaysia,1317,109,85,1990,0
1989,New Caledonia,1314,110,26,1990,0
1989,Khmer Republic,1301,111,0,1990,0
1989,Cape Verde,1279,112,53,1990,0
1989,Jordan,1275,113,23,1990,0
1989,Cyprus,1270,114,0,1990,0
1989,Burundi,1269,115,0,1990,0
1989,Chad,1269,115,32,1990,0
1989,Hong Kong,1268,117,0,1990,0
1989,Gambia,1258,118,5,1990,0
1989,Panama,1256,119,0,1990,0
1989,Central African Republic,1256,119,26,1990,0
1989,French Guiana,1256,119,0,1990,0
1989,Antigua and Barbuda,1253,122,42,1990,0
1989,Saint Lucia,1242,123,6,1990,0
1989,Guyana,1240,124,0,1990,0
1989,Barbados,1236,125,2,1990,0
1989,Mauritius,1235,126,0,1990,0
1989,Jamaica,1235,126,0,1990,0
1989,Benin,1232,128,0,1990,0
1989,Faroe Islands,1225,129,21,1990,0
1989,Lebanon,1222,130,0,1990,0
1989,Thailand,1219,131,0,1990,0
1989,Palestine,1217,132,0,1990,0
1989,Singapore,1217,132,38,1990,0
1989,Indonesia,1212,134,0,1990,0
1989,Tanzania,1208,135,0,1990,0
1989,South Vietnam,1206,136,0,1990,0
1989,Somalia,1200,137,0,1990,0
1989,Saint Kitts and Nevis,1199,138,51,1990,0
1989,Namibia,1195,139,0,1990,0
1989,Papua New Guinea,1192,140,0,1990,0
1989,Réunion,1180,141,0,1990,0
1989,Luxembourg,1177,142,14,1990,0
1989,South Yemen,1175,143,20,1990,0
1989,Lesotho,1163,144,0,1990,0
1989,Dominica,1155,145,0,1990,0
1989,Zanzibar,1152,146,11,1990,0
1989,Myanmar,1149,147,0,1990,0
1989,Liechtenstein,1138,148,0,1990,0
1989,India,1135,149,10,1990,0
1989,Swaziland,1133,150,31,1990,0
1989,Aruba,1133,150,0,1990,0
1989,Taiwan,1130,152,0,1990,0
1989,Solomon Islands,1117,153,32,1990,0
1989,Belize,1114,154,0,1990,0
1989,Bonaire,1103,155,0,1990,0
1989,Rwanda,1097,156,0,1990,0
1989,Equatorial Guinea,1092,157,0,1990,0
1989,Botswana,1085,158,18,1990,0
1989,Cayman Islands,1079,159,0,1990,0
1989,Bangladesh,1078,160,22,1990,0
1989,Mauritania,1052,161,0,1990,0
1989,São Tomé and Príncipe,1049,162,0,1990,0
1989,Oman,1046,163,0,1990,0
1989,Macao,1021,164,0,1990,0
1989,Pakistan,1017,165,0,1990,0
1989,Saint Martin,1016,166,0,1990,0
1989,San Marino,1008,167,0,1990,0
1989,Seychelles,985,168,0,1990,0
1989,Nicaragua,985,168,0,1990,0
1989,Vanuatu,965,170,0,1990,0
1989,Dominican Republic,959,171,0,1990,0
1989,Greenland,958,172,0,1990,0
1989,Puerto Rico,951,173,0,1990,0
1989,Laos,940,174,0,1990,0
1989,British Virgin Islands,926,175,19,1990,0
1989,North Yemen,917,176,0,1990,0
1989,Brunei,911,177,11,1990,0
1989,Djibouti,903,178,0,1990,0
1989,Mongolia,896,179,0,1990,0
1989,Sri Lanka,879,180,0,1990,0
1989,Nepal,878,181,0,1990,0
1989,Comoros,878,181,0,1990,0
1989,Sint Maarten,864,183,0,1990,0
1989,Bahamas,862,184,0,1990,0
1989,Afghanistan,860,185,0,1990,0
1989,Philippines,795,186,0,1990,0
1989,Tuvalu,752,187,0,1990,0
1989,Guam,748,188,0,1990,0
1989,Maldives,727,189,1,1990,0
1989,Wallis and Futuna,708,190,0,1990,0
1989,Tibet,685,191,0,1990,0
1989,Cook Islands,679,192,0,1990,0
1989,Tonga,678,193,0,1990,0
1989,Montserrat,627,194,0,1990,0
1989,Bhutan,617,195,0,1990,0
1989,Western Samoa,601,196,0,1990,0
1989,Kiribati,599,197,0,1990,0
1989,Anguilla,593,198,0,1990,0
1989,Eastern Samoa,568,199,0,1990,0
1989,Niue,496,200,0,1990,0
1993,Germany,2015,1,21,1994,5
1993,Italy,2000,2,20,1994,7
1993,Netherlands,1995,3,27,1994,5
1993,Brazil,1950,4,0,1994,7
1993,Yugoslavia,1934,5,0,1994,0
1993,Colombia,1933,6,158,1994,3
1993,Denmark,1932,7,19,1994,0
1993,Argentina,1927,8,0,1994,4
1993,Spain,1913,9,82,1994,5
1993,Mexico,1891,10,104,1994,4
1993,France,1888,11,0,1994,0
1993,Sweden,1883,12,0,1994,7
1993,England,1878,13,0,1994,0
1993,Croatia,1873,14,3,1994,0
1993,Norway,1854,15,96,1994,3
1993,Switzerland,1847,16,29,1994,4
1993,Czechoslovakia,1845,17,16,1994,0
1993,Russia,1842,18,0,1994,3
1993,Ireland,1841,19,0,1994,0
1993,Portugal,1828,20,32,1994,0
1993,Romania,1827,21,2,1994,5
1993,Belgium,1827,21,0,1994,4
1993,Uruguay,1796,23,0,1994,0
1993,Bulgaria,1789,24,0,1994,7
1993,Wales,1778,25,12,1994,0
1993,Scotland,1767,26,0,1994,0
1993,Chile,1744,27,0,1994,0
1993,Greece,1740,28,63,1994,3
1993,Australia,1721,29,0,1994,0
1993,Bolivia,1706,30,155,1994,3
1993,Nigeria,1705,31,21,1994,4
1993,Paraguay,1696,32,0,1994,0
1993,Poland,1694,33,0,1994,0
1993,Saudi Arabia,1680,34,69,1994,4
1993,Northern Ireland,1672,35,20,1994,0
1993,Morocco,1672,35,76,1994,3
1993,Egypt,1671,37,27,1994,0
1993,Slovakia,1664,38,0,1994,0
1993,South Korea,1660,39,0,1994,3
1993,Uzbekistan,1657,40,0,1994,0
1993,Iraq,1652,41,0,1994,0
1993,Zambia,1649,42,30,1994,0
1993,Cameroon,1649,42,0,1994,3
1993,Hungary,1647,44,0,1994,0
1993,Austria,1645,45,2,1994,0
1993,Japan,1644,46,116,1994,0
1993,Tunisia,1643,47,97,1994,0
1993,Ecuador,1632,48,0,1994,0
1993,Ivory Coast,1629,49,0,1994,0
1993,Algeria,1628,50,5,1994,0
1993,South Africa,1623,51,0,1994,0
1993,Macedonia,1622,52,0,1994,0
1993,United States,1620,53,0,1994,4
1993,Ghana,1618,54,0,1994,0
1993,Costa Rica,1614,55,9,1994,0
1993,Kazakhstan,1612,56,0,1994,0
1993,Ukraine,1610,57,26,1994,0
1993,Bosnia and Herzegovina,1609,58,20,1994,0
1993,Georgia,1597,59,0,1994,0
1993,Canada,1596,60,74,1994,0
1993,Turkey,1594,61,18,1994,0
1993,Iceland,1580,62,15,1994,0
1993,Iran,1567,63,0,1994,0
1993,Slovenia,1566,64,0,1994,0
1993,Finland,1561,65,0,1994,0
1993,Israel,1561,65,0,1994,0
1993,Zimbabwe,1559,67,38,1994,0
1993,Peru,1552,68,9,1994,0
1993,Azerbaijan,1552,68,26,1994,0
1993,Honduras,1551,70,0,1994,0
1993,Tahiti,1534,71,79,1994,0
1993,Madagascar,1515,72,9,1994,0
1993,Sierra Leone,1514,73,3,1994,0
1993,New Zealand,1513,74,0,1994,0
1993,China,1513,74,34,1994,0
1993,Turkmenistan,1506,76,0,1994,0
1993,Kuwait,1504,77,38,1994,0
1993,United Arab Emirates,1504,77,0,1994,0
1993,Zaire,1503,79,0,1994,0
1993,Libya,1502,80,0,1994,0
1993,Cuba,1498,81,0,1994,0
1993,North Korea,1496,82,25,1994,0
1993,El Salvador,1493,83,0,1994,0
1993,Kenya,1485,84,98,1994,0
1993,Moldova,1485,84,0,1994,0
1993,Uganda,1484,86,0,1994,0
1993,Trinidad and Tobago,1483,87,0,1994,0
1993,Jamaica,1479,88,81,1994,0
1993,Martinique,1470,89,42,1994,0
1993,Qatar,1470,89,0,1994,0
1993,Guatemala,1466,91,0,1994,0
1993,Northern Cyprus,1452,92,0,1994,0
1993,Senegal,1448,93,0,1994,0
1993,Gabon,1439,94,0,1994,0
1993,Malawi,1433,95,0,1994,0
1993,Syria,1427,96,3,1994,0
1993,Angola,1426,97,22,1994,0
1993,Guinea,1424,98,0,1994,0
1993,Mali,1423,99,0,1994,0
1993,Burkina Faso,1416,100,0,1994,0
1993,Belarus,1416,100,14,1994,0
1993,Fiji,1401,102,0,1994,0
1993,Bahrain,1400,103,10,1994,0
1993,Thailand,1396,104,36,1994,0
1993,Congo,1395,105,0,1994,0
1993,Kosovo,1390,106,0,1994,0
1993,Albania,1387,107,0,1994,0
1993,Malta,1382,108,0,1994,0
1993,Tajikistan,1378,109,0,1994,0
1993,Bermuda,1372,110,0,1994,0
1993,Liberia,1368,111,0,1994,0
1993,Burundi,1367,112,18,1994,0
1993,Cyprus,1363,113,28,1994,0
1993,Latvia,1358,114,0,1994,0
1993,Jordan,1348,115,0,1994,0
1993,Venezuela,1348,115,28,1994,0
1993,Ethiopia,1343,117,0,1994,0
1993,Sudan,1334,118,13,1994,0
1993,Niger,1334,118,0,1994,0
1993,Lithuania,1334,118,1,1994,0
1993,Gambia,1332,121,78,1994,0
1993,Suriname,1328,122,0,1994,0
1993,Netherlands Antilles,1319,123,0,1994,0
1993,Barbados,1318,124,7,1994,0
1993,Guadeloupe,1316,125,0,1994,0
1993,Haiti,1312,126,0,1994,0
1993,Tanzania,1310,127,0,1994,0
1993,Togo,1308,128,0,1994,0
1993,Mozambique,1301,129,0,1994,0
1993,Khmer Republic,1301,129,0,1994,0
1993,Panama,1300,131,0,1994,0
1993,Cape Verde,1299,132,0,1994,0
1993,St Vincent & Grenadines,1293,133,19,1994,0
1993,Singapore,1293,133,56,1994,0
1993,New Caledonia,1282,135,0,1994,0
1993,Grenada,1276,136,0,1994,0
1993,French Guiana,1276,136,19,1994,0
1993,Saint Lucia,1269,138,21,1994,0
1993,Guinea-Bissau,1267,139,0,1994,0
1993,Lebanon,1259,140,37,1994,0
1993,Malaysia,1255,141,24,1994,0
1993,Réunion,1251,142,72,1994,0
1993,Yemen,1247,143,67,1994,0
1993,Armenia,1246,144,0,1994,0
1993,Central African Republic,1231,145,0,1994,0
1993,Mauritius,1228,146,0,1994,0
1993,Chad,1228,146,0,1994,0
1993,Palestine,1228,146,0,1994,0
1993,Eritrea,1228,146,0,1994,0
1993,Swaziland,1227,150,23,1994,0
1993,Antigua and Barbuda,1212,151,0,1994,0
1993,Solomon Islands,1204,152,0,1994,0
1993,Kyrgyzstan,1200,153,5,1994,0
1993,Somalia,1200,153,0,1994,0
1993,Faroe Islands,1199,155,0,1994,0
1993,Hong Kong,1193,156,0,1994,0
1993,Estonia,1183,157,0,1994,0
1993,Lesotho,1183,157,0,1994,0
1993,Indonesia,1178,159,0,1994,0
1993,Luxembourg,1170,160,3,1994,0
1993,Saint Kitts and Nevis,1158,161,0,1994,0
1993,Myanmar,1156,162,43,1994,0
1993,Oman,1150,163,95,1994,0
1993,Benin,1147,164,0,1994,0
1993,India,1135,165,24,1994,0
1993,Dominica,1134,166,0,1994,0
1993,Namibia,1133,167,0,1994,0
1993,Zanzibar,1133,167,0,1994,0
1993,Liechtenstein,1114,169,0,1994,0
1993,Belize,1114,169,0,1994,0
1993,Guyana,1110,171,0,1994,0
1993,Saint Martin,1105,172,0,1994,0
1993,Bonaire,1103,173,0,1994,0
1993,Rwanda,1097,174,0,1994,0
1993,Papua New Guinea,1091,175,0,1994,0
1993,Vietnam,1090,176,0,1994,0
1993,Equatorial Guinea,1085,177,0,1994,0
1993,Mauritania,1081,178,24,1994,0
1993,Puerto Rico,1072,179,129,1994,0
1993,Botswana,1064,180,13,1994,0
1993,São Tomé and Príncipe,1049,181,0,1994,0
1993,Gibraltar,1044,182,0,1994,0
1993,Bangladesh,1025,183,0,1994,0
1993,Macao,1022,184,0,1994,0
1993,Aruba,1022,184,0,1994,0
1993,Taiwan,1020,186,0,1994,0
1993,San Marino,1012,187,16,1994,0
1993,Dominican Republic,1008,188,37,1994,0
1993,Greenland,1008,188,56,1994,0
1993,Vanuatu,1005,190,15,1994,0
1993,Nicaragua,962,191,0,1994,0
1993,Sint Maarten,960,192,22,1994,0
1993,Cayman Islands,951,193,0,1994,0
1993,Seychelles,940,194,0,1994,0
1993,Laos,916,195,0,1994,0
1993,Djibouti,903,196,0,1994,0
1993,Mongolia,896,197,0,1994,0
1993,Sri Lanka,894,198,52,1994,0
1993,Nepal,891,199,49,1994,0
1993,Pakistan,878,200,0,1994,0
1993,British Virgin Islands,873,201,0,1994,0
1993,Comoros,871,202,0,1994,0
1993,Bahamas,862,203,0,1994,0
1993,Afghanistan,860,204,0,1994,0
1993,Brunei,859,205,0,1994,0
1993,Philippines,814,206,0,1994,0
1993,Maldives,770,207,0,1994,0
1993,Tuvalu,752,208,0,1994,0
1993,Wallis and Futuna,734,209,0,1994,0
1993,Guam,685,210,0,1994,0
1993,Tibet,685,210,0,1994,0
1993,Cook Islands,679,212,0,1994,0
1993,Tonga,663,213,0,1994,0
1993,Bhutan,617,214,0,1994,0
1993,Montserrat,615,215,0,1994,0
1993,Western Samoa,601,216,0,1994,0
1993,Kiribati,599,217,0,1994,0
1993,Eastern Samoa,568,218,0,1994,0
1993,Anguilla,564,219,0,1994,0
1993,Niue,496,220,0,1994,0
1997,Brazil,2177,1,111,1998,7
1997,Germany,2071,2,0,1998,5
1997,Spain,2042,3,15,1998,3
1997,France,2013,4,0,1998,7
1997,England,2002,5,45,1998,4
1997,Italy,1976,6,1,1998,5
1997,Yugoslavia,1974,7,39,1998,4
1997,Netherlands,1941,8,0,1998,7
1997,Denmark,1931,9,0,1998,5
1997,Romania,1885,10,27,1998,4
1997,Portugal,1884,11,0,1998,0
1997,Russia,1874,12,0,1998,0
1997,Czechia,1871,13,0,1998,0
1997,Croatia,1867,14,0,1998,7
1997,Norway,1859,15,4,1998,4
1997,Australia,1847,16,93,1998,0
1997,Argentina,1831,17,34,1998,5
1997,Sweden,1824,18,6,1998,0
1997,Bulgaria,1822,19,0,1998,3
1997,Belgium,1799,20,42,1998,3
1997,Scotland,1791,21,0,1998,3
1997,Mexico,1788,22,0,1998,4
1997,Colombia,1768,23,0,1998,3
1997,South Korea,1761,24,178,1998,3
1997,Japan,1758,25,13,1998,3
1997,Ecuador,1757,26,66,1998,0
1997,Uruguay,1755,27,0,1998,0
1997,Chile,1751,28,11,1998,4
1997,Austria,1749,29,18,1998,3
1997,Paraguay,1748,30,0,1998,4
1997,Morocco,1745,31,72,1998,3
1997,Greece,1731,32,63,1998,0
1997,Peru,1728,33,122,1998,0
1997,United States,1720,34,12,1998,3
1997,Slovakia,1718,35,49,1998,0
1997,Turkey,1714,36,17,1998,0
1997,Ireland,1712,37,0,1998,0
1997,Nigeria,1701,38,0,1998,4
1997,Bolivia,1691,39,28,1998,0
1997,Iran,1688,40,9,1998,3
1997,South Africa,1681,41,0,1998,3
1997,Ukraine,1679,42,36,1998,0
1997,Switzerland,1675,43,0,1998,0
1997,Tunisia,1673,44,36,1998,3
1997,Poland,1672,45,17,1998,0
1997,Georgia,1644,46,59,1998,0
1997,China,1643,47,92,1998,0
1997,Saudi Arabia,1641,48,5,1998,3
1997,Zambia,1636,49,13,1998,0
1997,Jamaica,1629,50,62,1998,3
1997,Bosnia and Herzegovina,1626,51,29,1998,0
1997,Costa Rica,1616,52,41,1998,0
1997,Kuwait,1615,53,0,1998,0
1997,Israel,1614,54,0,1998,0
1997,Egypt,1603,55,0,1998,0
1997,Hungary,1594,56,0,1998,0
1997,Iraq,1591,57,0,1998,0
1997,United Arab Emirates,1585,58,0,1998,0
1997,Northern Ireland,1578,59,0,1998,0
1997,Wales,1577,60,0,1998,0
1997,Uzbekistan,1572,61,0,1998,0
1997,Algeria,1563,62,0,1998,0
1997,Cameroon,1561,63,0,1998,3
1997,Guatemala,1553,64,50,1998,0
1997,Honduras,1551,65,0,1998,0
1997,Qatar,1550,66,44,1998,0
1997,Angola,1546,67,45,1998,0
1997,Ivory Coast,1535,68,18,1998,0
1997,Slovenia,1529,69,0,1998,0
1997,Finland,1527,70,62,1998,0
1997,Lithuania,1527,70,51,1998,0
1997,Canada,1524,72,0,1998,0
1997,Kazakhstan,1516,73,43,1998,0
1997,El Salvador,1513,74,0,1998,0
1997,Macedonia,1512,75,0,1998,0
1997,Tajikistan,1497,76,70,1998,0
1997,North Korea,1496,77,0,1998,0
1997,Iceland,1490,78,0,1998,0
1997,Martinique,1487,79,9,1998,0
1997,Kenya,1482,80,90,1998,0
1997,Ghana,1481,81,0,1998,0
1997,Guinea,1481,81,111,1998,0
1997,Congo,1475,83,49,1998,0
1997,Madagascar,1472,84,0,1998,0
1997,Cuba,1468,85,16,1998,0
1997,Trinidad and Tobago,1462,86,0,1998,0
1997,Cyprus,1461,87,33,1998,0
1997,Libya,1460,88,0,1998,0
1997,DR Congo,1454,89,0,1998,0
1997,Northern Cyprus,1452,90,0,1998,0
1997,Mali,1451,91,86,1998,0
1997,Syria,1450,92,0,1998,0
1997,Thailand,1445,93,44,1998,0
1997,Gabon,1440,94,0,1998,0
1997,Sierra Leone,1439,95,20,1998,0
1997,Zimbabwe,1434,96,0,1998,0
1997,Senegal,1434,96,0,1998,0
1997,Tahiti,1434,96,0,1998,0
1997,New Zealand,1432,99,0,1998,0
1997,Jordan,1429,100,110,1998,0
1997,Burundi,1418,101,0,1998,0
1997,Mozambique,1412,102,47,1998,0
1997,Latvia,1411,103,23,1998,0
1997,Uganda,1410,104,4,1998,0
1997,Albania,1408,105,0,1998,0
1997,Sudan,1405,106,0,1998,0
1997,Moldova,1395,107,0,1998,0
1997,Kosovo,1390,108,0,1998,0
1997,Guadeloupe,1390,108,0,1998,0
1997,Togo,1389,110,14,1998,0
1997,Turkmenistan,1380,111,0,1998,0
1997,Fiji,1379,112,0,1998,0
1997,Liberia,1370,113,0,1998,0
1997,Lebanon,1365,114,0,1998,0
1997,Haiti,1365,114,27,1998,0
1997,Armenia,1365,114,33,1998,0
1997,Namibia,1364,117,118,1998,0
1997,Bermuda,1362,118,0,1998,0
1997,Malawi,1361,119,0,1998,0
1997,Belarus,1353,120,0,1998,0
1997,Azerbaijan,1341,121,0,1998,0
1997,Solomon Islands,1337,122,74,1998,0
1997,Indonesia,1336,123,102,1998,0
1997,Venezuela,1335,124,0,1998,0
1997,Panama,1330,125,0,1998,0
1997,Niger,1326,126,0,1998,0
1997,Bahrain,1325,127,0,1998,0
1997,Burkina Faso,1321,128,0,1998,0
1997,Tanzania,1321,128,0,1998,0
1997,Barbados,1317,130,29,1998,0
1997,Gambia,1310,131,13,1998,0
1997,Grenada,1301,132,48,1998,0
1997,Suriname,1296,133,0,1998,0
1997,Ethiopia,1293,134,0,1998,0
1997,Oman,1290,135,32,1998,0
1997,Malaysia,1253,136,0,1998,0
1997,Réunion,1251,137,0,1998,0
1997,Cape Verde,1246,138,0,1998,0
1997,Kyrgyzstan,1237,139,36,1998,0
1997,Faroe Islands,1235,140,61,1998,0
1997,Saint Kitts,1233,141,18,1998,0
1997,Singapore,1232,142,0,1998,0
1997,Palestine,1229,143,1,1998,0
1997,Eritrea,1228,144,0,1998,0
1997,Malta,1225,145,0,1998,0
1997,Chad,1220,146,0,1998,0
1997,Hong Kong,1215,147,6,1998,0
1997,Netherlands Antilles,1215,147,0,1998,0
1997,Central African Republic,1210,149,0,1998,0
1997,Luxembourg,1209,150,0,1998,0
1997,Benin,1208,151,12,1998,0
1997,St Vincent & Grenadines,1202,152,0,1998,0
1997,Yemen,1202,152,27,1998,0
1997,Lesotho,1195,154,10,1998,0
1997,Saint Lucia,1194,155,0,1998,0
1997,Guinea-Bissau,1194,155,0,1998,0
1997,New Caledonia,1193,157,0,1998,0
1997,Vietnam,1188,158,0,1998,0
1997,Mauritania,1188,158,0,1998,0
1997,Estonia,1182,160,0,1998,0
1997,Dominica,1174,161,0,1998,0
1997,Swaziland,1168,162,0,1998,0
1997,Zanzibar,1168,162,0,1998,0
1997,French Guiana,1159,164,0,1998,0
1997,Mauritius,1150,165,0,1998,0
1997,Somalia,1135,166,0,1998,0
1997,Antigua and Barbuda,1119,167,0,1998,0
1997,India,1107,168,53,1998,0
1997,Saint Martin,1103,169,0,1998,0
1997,Bonaire,1103,169,0,1998,0
1997,Myanmar,1101,171,0,1998,0
1997,Papua New Guinea,1099,172,9,1998,0
1997,Dominican Republic,1097,173,0,1998,0
1997,Rwanda,1091,174,0,1998,0
1997,Belize,1088,175,5,1998,0
1997,Equatorial Guinea,1085,176,0,1998,0
1997,Andorra,1068,177,0,1998,0
1997,Guyana,1062,178,0,1998,0
1997,Gibraltar,1056,179,39,1998,0
1997,Liechtenstein,1051,180,0,1998,0
1997,São Tomé and Príncipe,1049,181,0,1998,0
1997,Puerto Rico,1048,182,0,1998,0
1997,Cayman Islands,1047,183,0,1998,0
1997,Cambodia,1034,184,12,1998,0
1997,Vanuatu,1029,185,0,1998,0
1997,Taiwan,1028,186,10,1998,0
1997,Laos,1003,187,31,1998,0
1997,Macao,1003,187,0,1998,0
1997,Botswana,1000,189,0,1998,0
1997,Greenland,996,190,0,1998,0
1997,Aruba,984,191,25,1998,0
1997,Bangladesh,967,192,0,1998,0
1997,Sint Maarten,957,193,0,1998,0
1997,Sri Lanka,955,194,0,1998,0
1997,San Marino,953,195,0,1998,0
1997,Nicaragua,935,196,0,1998,0
1997,Seychelles,934,197,0,1998,0
1997,Mongolia,896,198,0,1998,0
1997,Djibouti,891,199,0,1998,0
1997,Pakistan,884,200,16,1998,0
1997,Comoros,871,201,0,1998,0
1997,Bahamas,862,202,0,1998,0
1997,Afghanistan,860,203,0,1998,0
1997,British Virgin Islands,800,204,0,1998,0
1997,Brunei,786,205,0,1998,0
1997,Maldives,782,206,35,1998,0
1997,Nepal,753,207,0,1998,0
1997,Tuvalu,752,208,0,1998,0
1997,Philippines,708,209,0,1998,0
1997,Tonga,707,210,0,1998,0
1997,Wallis and Futuna,701,211,0,1998,0
1997,Tibet,685,212,0,1998,0
1997,Guam,649,213,0,1998,0
1997,Cook Islands,646,214,0,1998,0
1997,Montserrat,637,215,0,1998,0
1997,Western Samoa,628,216,0,1998,0
1997,Bhutan,617,217,0,1998,0
1997,Kiribati,599,218,0,1998,0
1997,Eastern Samoa,535,219,0,1998,0
1997,Anguilla,504,220,0,1998,0
1997,Niue,496,221,0,1998,0
2001,France,2112,1,2,2002,3
2001,Argentina,2021,2,19,2002,3
2001,Italy,2017,3,1,2002,4
2001,Portugal,2010,4,0,2002,3
2001,Netherlands,1996,5,0,2002,0
2001,Spain,1967,6,5,2002,5
2001,England,1932,7,80,2002,5
2001,Sweden,1895,8,67,2002,4
2001,Croatia,1886,9,0,2002,3
2001,Colombia,1876,10,114,2002,0
2001,Germany,1869,11,0,2002,7
2001,Ireland,1862,12,50,2002,0
2001,Japan,1860,13,63,2002,4
2001,Denmark,1848,14,71,2002,4
2001,Russia,1839,15,4,2002,3
2001,Belgium,1835,16,49,2002,4
2001,Yugoslavia,1834,17,0,2002,0
2001,Brazil,1832,18,0,2002,7
2001,Australia,1827,19,38,2002,0
2001,Czechia,1818,20,0,2002,0
2001,Romania,1815,21,0,2002,0
2001,Mexico,1808,22,0,2002,4
2001,South Korea,1807,23,42,2002,7
2001,Turkey,1797,24,43,2002,7
2001,Uruguay,1787,25,33,2002,3
2001,Costa Rica,1773,26,167,2002,3
2001,Slovenia,1760,27,97,2002,3
2001,Iran,1755,28,13,2002,0
2001,Norway,1754,29,0,2002,0
2001,United States,1752,30,0,2002,5
2001,Poland,1750,31,0,2002,3
2001,Scotland,1734,32,0,2002,0
2001,Ecuador,1734,32,44,2002,3
2001,Honduras,1731,34,21,2002,0
2001,Finland,1726,35,116,2002,0
2001,China,1726,35,40,2002,3
2001,Paraguay,1724,37,0,2002,4
2001,Nigeria,1723,38,18,2002,3
2001,Cameroon,1716,39,0,2002,3
2001,Ukraine,1700,40,0,2002,0
2001,Saudi Arabia,1697,41,5,2002,3
2001,Slovakia,1695,42,0,2002,0
2001,Tunisia,1689,43,42,2002,3
2001,Bulgaria,1681,44,17,2002,0
2001,Austria,1674,45,0,2002,0
2001,Israel,1672,46,0,2002,0
2001,Switzerland,1660,47,0,2002,0
2001,Greece,1657,48,0,2002,0
2001,Egypt,1650,49,0,2002,0
2001,Morocco,1649,50,0,2002,0
2001,South Africa,1632,51,0,2002,3
2001,Peru,1622,52,0,2002,0
2001,Ivory Coast,1618,53,41,2002,0
2001,Iceland,1602,54,7,2002,0
2001,Hungary,1601,55,0,2002,0
2001,Chile,1597,56,0,2002,0
2001,Georgia,1594,57,40,2002,0
2001,Canada,1587,58,0,2002,0
2001,Senegal,1587,58,128,2002,5
2001,Guatemala,1576,60,6,2002,0
2001,Trinidad and Tobago,1571,61,0,2002,0
2001,Venezuela,1571,61,161,2002,0
2001,Qatar,1570,63,39,2002,0
2001,Bolivia,1562,64,0,2002,0
2001,Kuwait,1556,65,0,2002,0
2001,Wales,1555,66,0,2002,0
2001,Northern Ireland,1543,67,28,2002,0
2001,Angola,1539,68,65,2002,0
2001,Iraq,1534,69,0,2002,0
2001,Jamaica,1534,69,0,2002,0
2001,Bosnia and Herzegovina,1529,71,0,2002,0
2001,Algeria,1526,72,0,2002,0
2001,Ghana,1524,73,9,2002,0
2001,New Zealand,1523,74,0,2002,0
2001,Liberia,1519,75,91,2002,0
2001,Togo,1515,76,88,2002,0
2001,Bahrain,1514,77,197,2002,0
2001,Cyprus,1511,78,0,2002,0
2001,Belarus,1510,79,87,2002,0
2001,Zimbabwe,1508,80,22,2002,0
2001,Zambia,1501,81,40,2002,0
2001,Uzbekistan,1499,82,35,2002,0
2001,Guinea,1494,83,0,2002,0
2001,El Salvador,1487,84,31,2002,0
2001,United Arab Emirates,1479,85,0,2002,0
2001,Albania,1472,86,0,2002,0
2001,North Korea,1468,87,23,2002,0
2001,Kazakhstan,1467,88,22,2002,0
2001,Haiti,1462,89,54,2002,0
2001,Northern Cyprus,1452,90,0,2002,0
2001,Gabon,1451,91,28,2002,0
2001,Cuba,1446,92,0,2002,0
2001,Syria,1446,92,0,2002,0
2001,Macedonia,1446,92,0,2002,0
2001,Thailand,1444,95,0,2002,0
2001,Tajikistan,1436,96,0,2002,0
2001,DR Congo,1430,97,0,2002,0
2001,Oman,1429,98,117,2002,0
2001,Ethiopia,1424,99,52,2002,0
2001,Turkmenistan,1422,100,23,2002,0
2001,Fiji,1422,100,0,2002,0
2001,Latvia,1417,102,0,2002,0
2001,Mali,1416,103,0,2002,0
2001,Lithuania,1414,104,33,2002,0
2001,Armenia,1412,105,26,2002,0
2001,Burkina Faso,1409,106,0,2002,0
2001,Martinique,1400,107,46,2002,0
2001,Panama,1396,108,7,2002,0
2001,Lebanon,1395,109,4,2002,0
2001,Moldova,1395,109,0,2002,0
2001,Kosovo,1390,111,0,2002,0
2001,Jordan,1387,112,0,2002,0
2001,Sudan,1385,113,67,2002,0
2001,Kenya,1375,114,43,2002,0
2001,Congo,1371,115,0,2002,0
2001,Indonesia,1359,116,0,2002,0
2001,Burundi,1357,117,0,2002,0
2001,Madagascar,1347,118,0,2002,0
2001,Libya,1345,119,0,2002,0
2001,Estonia,1345,119,0,2002,0
2001,Tahiti,1344,121,43,2002,0
2001,Gambia,1337,122,37,2002,0
2001,Cape Verde,1332,123,0,2002,0
2001,Saint Kitts and Nevis,1331,124,105,2002,0
2001,Rwanda,1320,125,3,2002,0
2001,Tanzania,1317,126,87,2002,0
2001,Barbados,1316,127,0,2002,0
2001,Uganda,1315,128,0,2002,0
2001,Niger,1310,129,0,2002,0
2001,Grenada,1306,130,7,2002,0
2001,Azerbaijan,1300,131,35,2002,0
2001,Sierra Leone,1298,132,0,2002,0
2001,Chad,1294,133,0,2002,0
2001,Guadeloupe,1290,134,0,2002,0
2001,Solomon Islands,1288,135,0,2002,0
2001,Réunion,1281,136,0,2002,0
2001,Bermuda,1278,137,0,2002,0
2001,Malaysia,1277,138,0,2002,0
2001,Suriname,1264,139,0,2002,0
2001,Vietnam,1259,140,10,2002,0
2001,Saint Lucia,1257,141,0,2002,0
2001,St Vincent & Grenadines,1256,142,14,2002,0
2001,Malawi,1255,143,0,2002,0
2001,Mauritius,1250,144,21,2002,0
2001,Benin,1246,145,0,2002,0
2001,Central African Republic,1244,146,0,2002,0
2001,Namibia,1244,146,0,2002,0
2001,Palestine,1243,148,18,2002,0
2001,Faroe Islands,1243,148,41,2002,0
2001,Mozambique,1238,150,16,2002,0
2001,Guinea-Bissau,1221,151,26,2002,0
2001,Singapore,1218,152,0,2002,0
2001,Mayotte,1212,153,0,2002,0
2001,Malta,1210,154,0,2002,0
2001,Yemen,1209,155,29,2002,0
2001,Swaziland,1191,156,20,2002,0
2001,Lesotho,1176,157,0,2002,0
2001,Hong Kong,1172,158,0,2002,0
2001,Eritrea,1171,159,0,2002,0
2001,Kyrgyzstan,1167,160,0,2002,0
2001,Netherlands Antilles,1166,161,0,2002,0
2001,Mauritania,1155,162,0,2002,0
2001,New Caledonia,1154,163,0,2002,0
2001,Zanzibar,1145,164,0,2002,0
2001,Cayman Islands,1141,165,8,2002,0
2001,India,1128,166,45,2002,0
2001,Dominican Republic,1126,167,15,2002,0
2001,French Guiana,1122,168,0,2002,0
2001,Botswana,1118,169,22,2002,0
2001,Luxembourg,1116,170,0,2002,0
2001,Belize,1116,170,39,2002,0
2001,Myanmar,1106,172,0,2002,0
2001,Guyana,1104,173,32,2002,0
2001,Antigua and Barbuda,1103,174,0,2002,0
2001,Bonaire,1103,174,0,2002,0
2001,Vanuatu,1100,176,0,2002,0
2001,Saint Martin,1098,177,0,2002,0
2001,São Tomé and Príncipe,1078,178,0,2002,0
2001,Somalia,1062,179,0,2002,0
2001,Gibraltar,1056,180,0,2002,0
2001,Liechtenstein,1054,181,0,2002,0
2001,Dominica,1053,182,0,2002,0
2001,Andorra,1051,183,0,2002,0
2001,Equatorial Guinea,1036,184,0,2002,0
2001,Papua New Guinea,1021,185,0,2002,0
2001,Bangladesh,1012,186,1,2002,0
2001,Greenland,1008,187,12,2002,0
2001,Taiwan,1002,188,0,2002,0
2001,Seychelles,979,189,0,2002,0
2001,Aruba,978,190,0,2002,0
2001,San Marino,953,191,17,2002,0
2001,Sint Maarten,931,192,0,2002,0
2001,Monaco,904,193,0,2002,0
2001,Sri Lanka,903,194,18,2002,0
2001,Macao,902,195,0,2002,0
2001,Nicaragua,902,195,0,2002,0
2001,Maldives,900,197,28,2002,0
2001,Puerto Rico,889,198,0,2002,0
2001,Laos,887,199,0,2002,0
2001,Cambodia,882,200,0,2002,0
2001,Nepal,881,201,98,2002,0
2001,British Virgin Islands,876,202,37,2002,0
2001,Djibouti,872,203,0,2002,0
2001,Afghanistan,860,204,0,2002,0
2001,Bahamas,851,205,0,2002,0
2001,Comoros,848,206,0,2002,0
2001,Mongolia,807,207,0,2002,0
2001,Pakistan,781,208,0,2002,0
2001,Turks and Caicos Islands,767,209,0,2002,0
2001,Tuvalu,752,210,0,2002,0
2001,Brunei,725,211,0,2002,0
2001,Philippines,706,212,0,2002,0
2001,Cook Islands,702,213,0,2002,0
2001,Samoa,702,213,0,2002,0
2001,Wallis and Futuna,701,215,0,2002,0
2001,US Virgin Islands,697,216,0,2002,0
2001,Tonga,679,217,39,2002,0
2001,Tibet,676,218,0,2002,0
2001,Guam,659,219,0,2002,0
2001,Northern Mariana Islands,636,220,0,2002,0
2001,FS Micronesia,617,221,0,2002,0
2001,Kiribati,599,222,0,2002,0
2001,Falkland Islands,593,223,0,2002,0
2001,Bhutan,561,224,0,2002,0
2001,Montserrat,559,225,0,2002,0
2001,Anguilla,541,226,44,2002,0
2001,Niue,496,227,0,2002,0
2001,Eastern Samoa,406,228,0,2002,0
2001,Palau,403,229,0,2002,0
2005,Brazil,2028,1,55,2006,5
2005,Netherlands,1994,2,54,2006,4
2005,France,1974,3,0,2006,7
2005,Czechia,1966,4,0,2006,0
2005,England,1964,5,0,2006,5
2005,Spain,1958,6,0,2006,4
2005,Italy,1941,7,32,2006,7
2005,Argentina,1932,8,0,2006,5
2005,Portugal,1909,9,6,2006,7
2005,Sweden,1903,10,31,2006,4
2005,Germany,1893,11,10,2006,7
2005,Denmark,1888,12,29,2006,0
2005,Croatia,1863,13,25,2006,3
2005,Romania,1855,14,18,2006,0
2005,Poland,1847,15,45,2006,3
2005,Turkey,1844,16,49,2006,0
2005,United States,1840,17,11,2006,3
2005,Mexico,1834,18,0,2006,4
2005,Ireland,1825,19,0,2006,0
2005,Uruguay,1821,20,1,2006,0
2005,Greece,1812,21,0,2006,0
2005,Japan,1812,21,0,2006,3
2005,Iran,1797,23,0,2006,3
2005,Serbia and Montenegro,1791,24,19,2006,3
2005,Switzerland,1780,25,88,2006,4
2005,Paraguay,1777,26,4,2006,3
2005,Ukraine,1775,27,34,2006,5
2005,Australia,1768,28,0,2006,4
2005,Norway,1767,29,0,2006,0
2005,Colombia,1763,30,0,2006,0
2005,Nigeria,1755,31,0,2006,0
2005,Russia,1751,32,0,2006,0
2005,Cameroon,1744,33,41,2006,0
2005,Costa Rica,1732,34,43,2006,3
2005,Israel,1724,35,39,2006,0
2005,Honduras,1721,36,77,2006,0
2005,Bulgaria,1718,37,0,2006,0
2005,Egypt,1716,38,68,2006,0
2005,Tunisia,1716,38,92,2006,3
2005,Ecuador,1714,40,48,2006,4
2005,Senegal,1706,41,13,2006,0
2005,Belgium,1699,42,0,2006,0
2005,Ivory Coast,1697,43,35,2006,3
2005,South Korea,1688,44,0,2006,3
2005,Scotland,1682,45,78,2006,0
2005,Slovakia,1681,46,15,2006,0
2005,Chile,1680,47,27,2006,0
2005,Morocco,1670,48,0,2006,0
2005,Austria,1668,49,20,2006,0
2005,Peru,1662,50,0,2006,0
2005,Finland,1661,51,0,2006,0
2005,Jamaica,1648,52,21,2006,0
2005,China,1644,53,32,2006,0
2005,Bosnia and Herzegovina,1629,54,8,2006,0
2005,Iraq,1612,55,107,2006,0
2005,Saudi Arabia,1608,56,38,2006,3
2005,Ghana,1605,57,121,2006,4
2005,Venezuela,1603,58,0,2006,0
2005,Slovenia,1599,59,0,2006,0
2005,Hungary,1596,60,0,2006,0
2005,Wales,1593,61,0,2006,0
2005,Togo,1588,62,80,2006,3
2005,Belarus,1588,62,0,2006,0
2005,Oman,1584,64,0,2006,0
2005,Guatemala,1582,65,0,2006,0
2005,Trinidad and Tobago,1578,66,69,2006,3
2005,Uzbekistan,1577,67,0,2006,0
2005,Canada,1565,68,3,2006,0
2005,Bolivia,1558,69,0,2006,0
2005,Angola,1547,70,7,2006,3
2005,Cuba,1545,71,0,2006,0
2005,Jordan,1542,72,0,2006,0
2005,Bahrain,1539,73,0,2006,0
2005,Zambia,1536,74,42,2006,0
2005,Albania,1531,75,0,2006,0
2005,Mali,1528,76,2,2006,0
2005,New Zealand,1521,77,0,2006,0
2005,South Africa,1519,78,0,2006,0
2005,Qatar,1515,79,0,2006,0
2005,Syria,1512,80,61,2006,0
2005,Zimbabwe,1508,81,9,2006,0
2005,Iceland,1507,82,0,2006,0
2005,Guinea,1506,83,0,2006,0
2005,Northern Ireland,1501,84,0,2006,0
2005,North Korea,1500,85,37,2006,0
2005,Georgia,1498,86,0,2006,0
2005,Libya,1482,87,0,2006,0
2005,Macedonia,1482,87,0,2006,0
2005,Latvia,1482,87,0,2006,0
2005,Haiti,1480,90,0,2006,0
2005,Panama,1476,91,0,2006,0
2005,Cyprus,1463,92,23,2006,0
2005,Lithuania,1462,93,5,2006,0
2005,United Arab Emirates,1461,94,61,2006,0
2005,Northern Cyprus,1460,95,8,2006,0
2005,DR Congo,1457,96,12,2006,0
2005,Kuwait,1449,97,0,2006,0
2005,Ethiopia,1443,98,96,2006,0
2005,Moldova,1429,99,27,2006,0
2005,Estonia,1426,100,44,2006,0
2005,Algeria,1415,101,0,2006,0
2005,Burkina Faso,1413,102,20,2006,0
2005,Armenia,1411,103,0,2006,0
2005,Gabon,1399,104,0,2006,0
2005,El Salvador,1383,105,0,2006,0
2005,Congo,1382,106,0,2006,0
2005,Uganda,1376,107,38,2006,0
2005,Kosovo,1370,108,0,2006,0
2005,Kenya,1368,109,0,2006,0
2005,Martinique,1359,110,0,2006,0
2005,Guadeloupe,1358,111,3,2006,0
2005,Solomon Islands,1353,112,0,2006,0
2005,Turkmenistan,1350,113,0,2006,0
2005,Azerbaijan,1348,114,0,2006,0
2005,St Vincent & Grenadines,1342,115,1,2006,0
2005,Lebanon,1341,116,0,2006,0
2005,Gambia,1339,117,0,2006,0
2005,Mauritius,1332,118,0,2006,0
2005,Malawi,1332,118,39,2006,0
2005,Singapore,1322,120,100,2006,0
2005,Sierra Leone,1320,121,0,2006,0
2005,Kazakhstan,1320,121,0,2006,0
2005,Rwanda,1318,123,0,2006,0
2005,Fiji,1318,123,8,2006,0
2005,Cape Verde,1315,125,0,2006,0
2005,Sudan,1314,126,0,2006,0
2005,Tajikistan,1309,127,0,2006,0
2005,Niger,1309,127,0,2006,0
2005,Botswana,1309,127,10,2006,0
2005,Thailand,1303,130,0,2006,0
2005,Mozambique,1298,131,19,2006,0
2005,Barbados,1295,132,0,2006,0
2005,Indonesia,1294,133,0,2006,0
2005,Benin,1291,134,9,2006,0
2005,Liberia,1285,135,0,2006,0
2005,Chad,1282,136,0,2006,0
2005,Réunion,1270,137,0,2006,0
2005,Saint Lucia,1266,138,0,2006,0
2005,Malta,1266,138,20,2006,0
2005,Saint Kitts and Nevis,1246,140,0,2006,0
2005,Madagascar,1244,141,0,2006,0
2005,Tahiti,1243,142,0,2006,0
2005,Suriname,1241,143,0,2006,0
2005,Vanuatu,1236,144,0,2006,0
2005,Hong Kong,1233,145,26,2006,0
2005,Burundi,1230,146,0,2006,0
2005,Grenada,1225,147,0,2006,0
2005,Guinea-Bissau,1224,148,17,2006,0
2005,Yemen,1223,149,24,2006,0
2005,Mayotte,1217,150,0,2006,0
2005,French Guiana,1216,151,11,2006,0
2005,Central African Republic,1215,152,0,2006,0
2005,Faroe Islands,1213,153,0,2006,0
2005,Zanzibar,1209,154,59,2006,0
2005,Malaysia,1202,155,0,2006,0
2005,Vietnam,1198,156,0,2006,0
2005,Swaziland,1195,157,5,2006,0
2005,Kyrgyzstan,1193,158,0,2006,0
2005,Palestine,1192,159,0,2006,0
2005,New Caledonia,1186,160,0,2006,0
2005,Tanzania,1186,160,53,2006,0
2005,Netherlands Antilles,1185,162,0,2006,0
2005,India,1181,163,1,2006,0
2005,Namibia,1172,164,15,2006,0
2005,Bermuda,1166,165,0,2006,0
2005,Mauritania,1162,166,0,2006,0
2005,Lesotho,1128,167,0,2006,0
2005,Liechtenstein,1124,168,18,2006,0
2005,Myanmar,1111,169,0,2006,0
2005,Antigua and Barbuda,1110,170,12,2006,0
2005,Guyana,1108,171,27,2006,0
2005,Andorra,1104,172,11,2006,0
2005,Bonaire,1103,173,0,2006,0
2005,Eritrea,1098,174,0,2006,0
2005,Belize,1093,175,0,2006,0
2005,Equatorial Guinea,1091,176,11,2006,0
2005,Gibraltar,1088,177,10,2006,0
2005,Cayman Islands,1080,178,0,2006,0
2005,Dominican Republic,1062,179,0,2006,0
2005,Seychelles,1050,180,0,2006,0
2005,São Tomé and Príncipe,1050,180,0,2006,0
2005,Papua New Guinea,1046,182,0,2006,0
2005,Bangladesh,1043,183,31,2006,0
2005,Nicaragua,1028,184,24,2006,0
2005,Maldives,1027,185,34,2006,0
2005,Saint Martin,1017,186,0,2006,0
2005,Somalia,1016,187,0,2006,0
2005,Dominica,1015,188,0,2006,0
2005,Greenland,982,189,0,2006,0
2005,Luxembourg,981,190,0,2006,0
2005,Taiwan,969,191,0,2006,0
2005,San Marino,940,192,0,2006,0
2005,Aruba,935,193,0,2006,0
2005,Sint Maarten,924,194,0,2006,0
2005,Sri Lanka,908,195,0,2006,0
2005,British Virgin Islands,899,196,0,2006,0
2005,Monaco,893,197,0,2006,0
2005,Puerto Rico,884,198,0,2006,0
2005,Pakistan,881,199,31,2006,0
2005,Laos,876,200,0,2006,0
2005,Djibouti,847,201,0,2006,0
2005,Nepal,842,202,0,2006,0
2005,Bahamas,836,203,0,2006,0
2005,Macao,829,204,0,2006,0
2005,Comoros,828,205,0,2006,0
2005,Cambodia,823,206,0,2006,0
2005,Afghanistan,808,207,0,2006,0
2005,Mongolia,779,208,25,2006,0
2005,Turks and Caicos Islands,765,209,0,2006,0
2005,Tuvalu,754,210,0,2006,0
2005,Sint Eustatius,739,211,0,2006,0
2005,Brunei,731,212,0,2006,0
2005,Tonga,716,213,0,2006,0
2005,Vatican,705,214,0,2006,0
2005,Wallis and Futuna,701,215,0,2006,0
2005,Philippines,695,216,0,2006,0
2005,Saba,689,217,0,2006,0
2005,Samoa,683,218,0,2006,0
2005,US Virgin Islands,680,219,0,2006,0
2005,Tibet,676,220,0,2006,0
2005,Cook Islands,673,221,0,2006,0
2005,East Timor,659,222,0,2006,0
2005,Northern Mariana Islands,636,223,0,2006,0
2005,Falkland Islands,593,224,0,2006,0
2005,Kiribati,579,225,0,2006,0
2005,Bhutan,567,226,0,2006,0
2005,FS Micronesia,564,227,0,2006,0
2005,Anguilla,544,228,0,2006,0
2005,Montserrat,540,229,0,2006,0
2005,Guam,536,230,0,2006,0
2005,Niue,496,231,0,2006,0
2005,Palau,403,232,0,2006,0
2005,Eastern Samoa,373,233,0,2006,0
2009,Brazil,2103,1,86,2010,5
2009,Spain,2095,2,0,2010,7
2009,Netherlands,2032,3,4,2010,7
2009,England,1985,4,0,2010,4
2009,Germany,1962,5,0,2010,7
2009,Italy,1957,6,0,2010,3
2009,Argentina,1896,7,0,2010,5
2009,France,1891,8,0,2010,3
2009,Mexico,1891,8,57,2010,4
2009,Croatia,1889,10,7,2010,0
2009,Chile,1880,11,81,2010,4
2009,Portugal,1874,12,53,2010,4
2009,Russia,1852,13,0,2010,0
2009,Serbia,1833,14,59,2010,3
2009,Uruguay,1813,15,0,2010,7
2009,Denmark,1810,16,0,2010,3
2009,United States,1803,17,0,2010,4
2009,Switzerland,1793,18,0,2010,3
2009,Australia,1789,19,32,2010,3
2009,Japan,1789,19,14,2010,4
2009,Turkey,1785,21,0,2010,0
2009,Ukraine,1783,22,3,2010,0
2009,Greece,1783,22,10,2010,3
2009,Romania,1775,24,0,2010,0
2009,Cameroon,1774,25,27,2010,3
2009,Sweden,1772,26,13,2010,0
2009,Ireland,1768,27,0,2010,0
2009,Ivory Coast,1762,28,52,2010,3
2009,Paraguay,1760,29,0,2010,5
2009,Colombia,1760,29,12,2010,0
2009,Bulgaria,1757,31,0,2010,0
2009,South Korea,1749,32,26,2010,4
2009,Nigeria,1749,32,8,2010,3
2009,Czechia,1748,34,0,2010,0
2009,Norway,1748,34,40,2010,0
2009,Honduras,1746,36,21,2010,3
2009,Ecuador,1721,37,18,2010,0
2009,Venezuela,1721,37,62,2010,0
2009,Israel,1717,39,0,2010,0
2009,Costa Rica,1703,40,3,2010,0
2009,Egypt,1696,41,0,2010,0
2009,Ghana,1687,42,0,2010,5
2009,Saudi Arabia,1683,43,33,2010,0
2009,Finland,1680,44,8,2010,0
2009,Slovenia,1675,45,93,2010,3
2009,Scotland,1671,46,0,2010,0
2009,Montenegro,1667,47,0,2010,0
2009,Slovakia,1664,48,34,2010,4
2009,Bosnia and Herzegovina,1641,49,66,2010,0
2009,Iran,1634,50,0,2010,0
2009,Poland,1633,51,0,2010,0
2009,Tunisia,1627,52,8,2010,0
2009,Jamaica,1621,53,0,2010,0
2009,Bahrain,1616,54,96,2010,0
2009,Hungary,1611,55,0,2010,0
2009,Wales,1607,56,0,2010,0
2009,Canada,1606,57,40,2010,0
2009,Bolivia,1601,58,0,2010,0
2009,Oman,1598,59,29,2010,0
2009,Austria,1588,60,22,2010,0
2009,Belgium,1587,61,0,2010,0
2009,Peru,1587,61,0,2010,0
2009,Algeria,1584,63,141,2010,3
2009,Lithuania,1584,63,0,2010,0
2009,Belarus,1582,65,12,2010,0
2009,Northern Ireland,1576,66,29,2010,0
2009,Macedonia,1576,66,17,2010,0
2009,Mali,1573,68,35,2010,0
2009,Latvia,1569,69,45,2010,0
2009,Morocco,1568,70,0,2010,0
2009,Cyprus,1564,71,29,2010,0
2009,Iraq,1558,72,0,2010,0
2009,North Korea,1555,73,30,2010,3
2009,Panama,1550,74,5,2010,0
2009,Uganda,1549,75,144,2010,0
2009,Uzbekistan,1547,76,0,2010,0
2009,Senegal,1546,77,1,2010,0
2009,Syria,1545,78,5,2010,0
2009,China,1545,78,14,2010,0
2009,Trinidad and Tobago,1539,80,0,2010,0
2009,Gabon,1534,81,27,2010,0
2009,Qatar,1530,82,23,2010,0
2009,New Zealand,1527,83,3,2010,3
2009,South Africa,1521,84,0,2010,3
2009,El Salvador,1514,85,28,2010,0
2009,Zambia,1498,86,0,2010,0
2009,Libya,1493,87,0,2010,0
2009,Albania,1487,88,0,2010,0
2009,Burkina Faso,1478,89,53,2010,0
2009,Guinea,1476,90,0,2010,0
2009,Thailand,1476,90,49,2010,0
2009,Kuwait,1475,92,46,2010,0
2009,Guadeloupe,1466,93,11,2010,0
2009,Togo,1463,94,21,2010,0
2009,Jordan,1460,95,0,2010,0
2009,Benin,1460,95,50,2010,0
2009,Northern Cyprus,1455,97,0,2010,0
2009,Estonia,1452,98,34,2010,0
2009,Angola,1447,99,0,2010,0
2009,Cuba,1447,99,0,2010,0
2009,Iceland,1447,99,0,2010,0
2009,Moldova,1442,102,5,2010,0
2009,Georgia,1436,103,0,2010,0
2009,Haiti,1431,104,15,2010,0
2009,DR Congo,1430,105,0,2010,0
2009,Mozambique,1428,106,31,2010,0
2009,Guatemala,1424,107,0,2010,0
2009,Congo,1419,108,15,2010,0
2009,Azerbaijan,1419,108,52,2010,0
2009,Rwanda,1405,110,0,2010,0
2009,United Arab Emirates,1398,111,0,2010,0
2009,Singapore,1397,112,32,2010,0
2009,Gambia,1394,113,0,2010,0
2009,Kosovo,1389,114,0,2010,0
2009,Armenia,1379,115,0,2010,0
2009,Martinique,1375,116,4,2010,0
2009,Cape Verde,1364,117,41,2010,0
2009,Vietnam,1361,118,27,2010,0
2009,Malawi,1357,119,18,2010,0
2009,Tanzania,1345,120,0,2010,0
2009,Zimbabwe,1342,121,0,2010,0
2009,Kazakhstan,1342,121,0,2010,0
2009,Kenya,1338,123,0,2010,0
2009,Sudan,1336,124,0,2010,0
2009,Fiji,1322,125,0,2010,0
2009,Namibia,1320,126,17,2010,0
2009,Réunion,1318,127,3,2010,0
2009,Barbados,1311,128,15,2010,0
2009,Zanzibar,1311,128,33,2010,0
2009,New Caledonia,1310,130,0,2010,0
2009,Ethiopia,1301,131,0,2010,0
2009,Turkmenistan,1295,132,0,2010,0
2009,Botswana,1293,133,3,2010,0
2009,Solomon Islands,1286,134,0,2010,0
2009,Madagascar,1270,135,3,2010,0
2009,Indonesia,1266,136,29,2010,0
2009,Tajikistan,1262,137,0,2010,0
2009,Guyana,1259,138,13,2010,0
2009,Chad,1256,139,0,2010,0
2009,Grenada,1252,140,0,2010,0
2009,Sierra Leone,1247,141,0,2010,0
2009,Niger,1243,142,0,2010,0
2009,Liberia,1240,143,0,2010,0
2009,Antigua and Barbuda,1239,144,1,2010,0
2009,Suriname,1238,145,0,2010,0
2009,St Vincent & Grenadines,1234,146,0,2010,0
2009,Yemen,1233,147,3,2010,0
2009,Guinea-Bissau,1229,148,0,2010,0
2009,Vanuatu,1227,149,0,2010,0
2009,Lebanon,1223,150,0,2010,0
2009,Hong Kong,1223,150,13,2010,0
2009,Malta,1218,152,0,2010,0
2009,Faroe Islands,1212,153,43,2010,0
2009,Equatorial Guinea,1211,154,0,2010,0
2009,French Guiana,1208,155,17,2010,0
2009,India,1201,156,0,2010,0
2009,Burundi,1192,157,0,2010,0
2009,Myanmar,1190,158,22,2010,0
2009,Central African Republic,1183,159,0,2010,0
2009,Palestine,1180,160,0,2010,0
2009,Eritrea,1180,160,0,2010,0
2009,Malaysia,1173,162,12,2010,0
2009,Swaziland,1173,162,2,2010,0
2009,Tahiti,1172,164,0,2010,0
2009,Lesotho,1163,165,35,2010,0
2009,Maldives,1161,166,66,2010,0
2009,Kyrgyzstan,1159,167,3,2010,0
2009,Liechtenstein,1158,168,0,2010,0
2009,Mauritania,1154,169,0,2010,0
2009,Bermuda,1151,170,0,2010,0
2009,Saint Kitts and Nevis,1137,171,23,2010,0
2009,Saint Lucia,1127,172,0,2010,0
2009,Mayotte,1126,173,0,2010,0
2009,Gibraltar,1126,173,0,2010,0
2009,Netherlands Antilles,1125,175,0,2010,0
2009,Bonaire,1103,176,0,2010,0
2009,Luxembourg,1102,177,5,2010,0
2009,Belize,1085,178,0,2010,0
2009,Nicaragua,1080,179,61,2010,0
2009,São Tomé and Príncipe,1050,180,0,2010,0
2009,Papua New Guinea,1044,181,0,2010,0
2009,Dominican Republic,1043,182,0,2010,0
2009,Mauritius,1035,183,0,2010,0
2009,Andorra,1026,184,0,2010,0
2009,Seychelles,1024,185,0,2010,0
2009,Dominica,993,186,9,2010,0
2009,Puerto Rico,977,187,0,2010,0
2009,Cayman Islands,976,188,0,2010,0
2009,Nepal,971,189,41,2010,0
2009,Greenland,967,190,0,2010,0
2009,Sri Lanka,939,191,19,2010,0
2009,Taiwan,932,192,0,2010,0
2009,Saint Martin,927,193,0,2010,0
2009,Somalia,927,193,3,2010,0
2009,Bangladesh,925,195,9,2010,0
2009,Sint Maarten,924,196,0,2010,0
2009,San Marino,913,197,0,2010,0
2009,Aruba,907,198,0,2010,0
2009,Pakistan,894,199,39,2010,0
2009,Monaco,890,200,0,2010,0
2009,British Virgin Islands,885,201,0,2010,0
2009,Laos,871,202,0,2010,0
2009,Bahamas,870,203,0,2010,0
2009,Comoros,868,204,37,2010,0
2009,Turks and Caicos Islands,826,205,0,2010,0
2009,Philippines,822,206,2,2010,0
2009,Mongolia,794,207,0,2010,0
2009,Djibouti,793,208,6,2010,0
2009,Cambodia,776,209,6,2010,0
2009,Afghanistan,771,210,0,2010,0
2009,Sint Eustatius,756,211,0,2010,0
2009,Cook Islands,726,212,16,2010,0
2009,Tuvalu,720,213,0,2010,0
2009,Vatican,705,214,0,2010,0
2009,Wallis and Futuna,701,215,0,2010,0
2009,Macao,700,216,0,2010,0
2009,Samoa,700,216,0,2010,0
2009,Tonga,689,218,0,2010,0
2009,Saba,672,219,0,2010,0
2009,US Virgin Islands,671,220,0,2010,0
2009,Brunei,650,221,0,2010,0
2009,Tibet,631,222,0,2010,0
2009,Guam,599,223,31,2010,0
2009,Bhutan,599,223,0,2010,0
2009,Falkland Islands,593,225,0,2010,0
2009,Kiribati,579,226,0,2010,0
2009,East Timor,564,227,0,2010,0
2009,FS Micronesia,564,227,0,2010,0
2009,Anguilla,539,229,0,2010,0
2009,Montserrat,538,230,0,2010,0
2009,Northern Mariana Islands,499,231,0,2010,0
2009,Niue,496,232,0,2010,0
2009,Palau,403,233,0,2010,0
2009,Eastern Samoa,354,234,0,2010,0
2013,Brazil,2132,1,72,2014,7
2013,Spain,2104,2,0,2014,3
2013,Germany,2086,3,34,2014,7
2013,Argentina,2020,4,6,2014,7
2013,Netherlands,2004,5,7,2014,7
2013,England,1933,6,0,2014,3
2013,Colombia,1933,6,32,2014,5
2013,Portugal,1931,8,27,2014,3
2013,Uruguay,1919,9,63,2014,4
2013,Chile,1914,10,112,2014,4
2013,Italy,1907,11,0,2014,3
2013,France,1881,12,0,2014,5
2013,United States,1862,13,91,2014,4
2013,Switzerland,1852,14,21,2014,4
2013,Russia,1845,15,0,2014,3
2013,Greece,1841,16,16,2014,4
2013,Ecuador,1836,17,0,2014,3
2013,Belgium,1835,18,49,2014,5
2013,Sweden,1827,19,0,2014,0
2013,Ukraine,1823,20,109,2014,0
2013,Croatia,1806,21,0,2014,3
2013,Mexico,1797,22,0,2014,4
2013,Bosnia and Herzegovina,1783,23,37,2014,3
2013,Ivory Coast,1779,24,0,2014,3
2013,Japan,1764,25,0,2014,3
2013,Czechia,1761,26,0,2014,0
2013,Serbia,1754,27,69,2014,0
2013,Denmark,1747,28,0,2014,0
2013,Costa Rica,1735,29,67,2014,5
2013,Iran,1730,30,74,2014,3
2013,Australia,1729,31,0,2014,3
2013,Nigeria,1729,31,77,2014,4
2013,Romania,1719,33,0,2014,0
2013,Turkey,1713,34,11,2014,0
2013,Ireland,1713,34,0,2014,0
2013,Peru,1711,36,2,2014,0
2013,Venezuela,1705,37,0,2014,0
2013,Ghana,1704,38,26,2014,3
2013,Paraguay,1701,39,0,2014,0
2013,Panama,1700,40,20,2014,0
2013,Scotland,1699,41,43,2014,0
2013,Egypt,1696,42,0,2014,0
2013,South Korea,1685,43,0,2014,3
2013,Honduras,1685,43,3,2014,3
2013,Hungary,1681,45,0,2014,0
2013,Finland,1672,46,41,2014,0
2013,Austria,1663,47,60,2014,0
2013,Slovenia,1662,48,60,2014,0
2013,Uzbekistan,1649,49,0,2014,0
2013,United Arab Emirates,1648,50,174,2014,0
2013,Bulgaria,1642,51,0,2014,0
2013,Israel,1640,52,23,2014,0
2013,Bolivia,1627,53,0,2014,0
2013,Norway,1626,54,0,2014,0
2013,Poland,1623,55,0,2014,0
2013,Slovakia,1606,56,5,2014,0
2013,Montenegro,1601,57,0,2014,0
2013,Cameroon,1594,58,9,2014,3
2013,China,1591,59,0,2014,0
2013,Belarus,1590,60,0,2014,0
2013,Algeria,1586,61,23,2014,4
2013,Wales,1586,61,6,2014,0
2013,North Korea,1581,63,7,2014,0
2013,Armenia,1580,64,50,2014,0
2013,South Africa,1576,65,9,2014,0
2013,Kuwait,1573,66,108,2014,0
2013,Jordan,1572,67,86,2014,0
2013,Senegal,1571,68,47,2014,0
2013,Oman,1566,69,33,2014,0
2013,Mali,1559,70,0,2014,0
2013,Libya,1553,71,0,2014,0
2013,Burkina Faso,1550,72,102,2014,0
2013,New Zealand,1549,73,0,2014,0
2013,Iceland,1542,74,57,2014,0
2013,Morocco,1531,75,0,2014,0
2013,El Salvador,1523,76,0,2014,0
2013,Jamaica,1518,77,0,2014,0
2013,Albania,1517,78,8,2014,0
2013,Iraq,1516,79,0,2014,0
2013,Uganda,1515,80,0,2014,0
2013,Guinea,1514,81,11,2014,0
2013,Macedonia,1514,81,0,2014,0
2013,Cape Verde,1510,83,83,2014,0
2013,Tunisia,1506,84,0,2014,0
2013,Trinidad and Tobago,1506,84,70,2014,0
2013,Gabon,1502,86,0,2014,0
2013,Qatar,1500,87,23,2014,0
2013,Georgia,1497,88,0,2014,0
2013,Canada,1488,89,0,2014,0
2013,Saudi Arabia,1486,90,0,2014,0
2013,Zambia,1484,91,0,2014,0
2013,Guatemala,1478,92,0,2014,0
2013,Togo,1477,93,58,2014,0
2013,Estonia,1469,94,0,2014,0
2013,Syria,1467,95,0,2014,0
2013,Bahrain,1467,95,0,2014,0
2013,Lithuania,1460,97,0,2014,0
2013,Northern Cyprus,1456,98,0,2014,0
2013,Latvia,1455,99,0,2014,0
2013,DR Congo,1450,100,12,2014,0
2013,Angola,1445,101,0,2014,0
2013,Moldova,1445,101,34,2014,0
2013,Kenya,1442,103,81,2014,0
2013,Azerbaijan,1439,104,32,2014,0
2013,Haiti,1431,105,0,2014,0
2013,Kurdistan,1425,106,0,2014,0
2013,Martinique,1418,107,20,2014,0
2013,Cuba,1416,108,0,2014,0
2013,Northern Ireland,1411,109,0,2014,0
2013,Congo,1396,110,8,2014,0
2013,Cyprus,1389,111,0,2014,0
2013,Benin,1388,112,0,2014,0
2013,Ethiopia,1385,113,62,2014,0
2013,Sudan,1384,114,4,2014,0
2013,Tanzania,1384,114,21,2014,0
2013,Guadeloupe,1383,116,0,2014,0
2013,Kosovo,1379,117,0,2014,0
2013,Mozambique,1370,118,34,2014,0
2013,Lebanon,1368,119,55,2014,0
2013,Sierra Leone,1364,120,5,2014,0
2013,Réunion,1362,121,0,2014,0
2013,Zimbabwe,1360,122,0,2014,0
2013,Kazakhstan,1358,123,18,2014,0
2013,New Caledonia,1356,124,4,2014,0
2013,Turkmenistan,1345,125,0,2014,0
2013,Thailand,1337,126,0,2014,0
2013,Malawi,1336,127,0,2014,0
2013,Gambia,1334,128,0,2014,0
2013,Liberia,1318,129,11,2014,0
2013,Guyana,1308,130,0,2014,0
2013,Burundi,1306,131,0,2014,0
2013,Botswana,1303,132,1,2014,0
2013,Equatorial Guinea,1302,133,6,2014,0
2013,Rwanda,1301,134,0,2014,0
2013,Niger,1292,135,0,2014,0
2013,Namibia,1292,135,0,2014,0
2013,Palestine,1292,135,15,2014,0
2013,Fiji,1279,138,0,2014,0
2013,Zanzibar,1279,138,0,2014,0
2013,Central African Republic,1270,140,0,2014,0
2013,Antigua and Barbuda,1266,141,0,2014,0
2013,Singapore,1263,142,0,2014,0
2013,Dominican Republic,1260,143,14,2014,0
2013,Tajikistan,1259,144,14,2014,0
2013,Malta,1252,145,11,2014,0
2013,French Guiana,1242,146,0,2014,0
2013,Lesotho,1238,147,92,2014,0
2013,Suriname,1234,148,29,2014,0
2013,Chad,1233,149,0,2014,0
2013,Indonesia,1227,150,0,2014,0
2013,Tahiti,1224,151,1,2014,0
2013,Vietnam,1216,152,0,2014,0
2013,Guinea-Bissau,1215,153,0,2014,0
2013,Luxembourg,1208,154,61,2014,0
2013,Bermuda,1203,155,17,2014,0
2013,Mayotte,1199,156,0,2014,0
2013,Grenada,1196,157,28,2014,0
2013,Philippines,1193,158,12,2014,0
2013,Mauritania,1190,159,64,2014,0
2013,Faroe Islands,1183,160,0,2014,0
2013,Liechtenstein,1180,161,0,2014,0
2013,Hong Kong,1177,162,11,2014,0
2013,Solomon Islands,1175,163,0,2014,0
2013,Vanuatu,1172,164,0,2014,0
2013,Malaysia,1168,165,0,2014,0
2013,Yemen,1168,165,0,2014,0
2013,Madagascar,1164,167,0,2014,0
2013,Gibraltar,1152,168,9,2014,0
2013,Belize,1152,168,19,2014,0
2013,Saint Kitts and Nevis,1147,170,0,2014,0
2013,St Vincent & Grenadines,1141,171,0,2014,0
2013,Barbados,1132,172,0,2014,0
2013,Kyrgyzstan,1131,173,12,2014,0
2013,Nicaragua,1118,174,0,2014,0
2013,Eritrea,1110,175,0,2014,0
2013,São Tomé and Príncipe,1100,176,0,2014,0
2013,Puerto Rico,1083,177,0,2014,0
2013,India,1081,178,0,2014,0
2013,Swaziland,1081,178,0,2014,0
2013,Maldives,1081,178,0,2014,0
2013,Papua New Guinea,1063,181,0,2014,0
2013,South Sudan,1061,182,0,2014,0
2013,Mauritius,1056,183,27,2014,0
2013,Saint Lucia,1051,184,30,2014,0
2013,Afghanistan,1051,184,137,2014,0
2013,Bonaire,1029,186,0,2014,0
2013,Dominica,1015,187,0,2014,0
2013,Curaçao,1012,188,0,2014,0
2013,Myanmar,1005,189,3,2014,0
2013,Seychelles,996,190,0,2014,0
2013,Western Sahara,996,190,0,2014,0
2013,Andorra,993,192,1,2014,0
2013,Greenland,963,193,0,2014,0
2013,Pakistan,944,194,37,2014,0
2013,Bangladesh,939,195,0,2014,0
2013,Aruba,938,196,0,2014,0
2013,Cayman Islands,934,197,0,2014,0
2013,Bahamas,931,198,0,2014,0
2013,Sint Maarten,924,199,0,2014,0
2013,Nepal,906,200,0,2014,0
2013,Monaco,902,201,7,2014,0
2013,San Marino,878,202,0,2014,0
2013,Comoros,871,203,0,2014,0
2013,Somalia,870,204,0,2014,0
2013,Laos,856,205,1,2014,0
2013,Saint Martin,854,206,0,2014,0
2013,Taiwan,844,207,0,2014,0
2013,Sri Lanka,827,208,0,2014,0
2013,Djibouti,789,209,0,2014,0
2013,Mongolia,782,210,0,2014,0
2013,Turks and Caicos Islands,765,211,0,2014,0
2013,Sint Eustatius,757,212,0,2014,0
2013,Guam,737,213,47,2014,0
2013,Tuvalu,725,214,0,2014,0
2013,US Virgin Islands,705,215,0,2014,0
2013,Wallis and Futuna,701,216,0,2014,0
2013,Saint Barthélemy,694,217,0,2014,0
2013,Vatican,693,218,0,2014,0
2013,British Virgin Islands,685,219,0,2014,0
2013,Tonga,684,220,0,2014,0
2013,Samoa,679,221,0,2014,0
2013,Saint Pierre and Miquelon,677,222,0,2014,0
2013,Cambodia,675,223,0,2014,0
2013,Cook Islands,675,223,0,2014,0
2013,Saba,671,225,0,2014,0
2013,Brunei,670,226,0,2014,0
2013,Tibet,631,227,0,2014,0
2013,Macao,619,228,0,2014,0
2013,East Timor,617,229,0,2014,0
2013,Montserrat,598,230,0,2014,0
2013,Falkland Islands,580,231,0,2014,0
2013,FS Micronesia,564,232,0,2014,0
2013,Anguilla,551,233,0,2014,0
2013,Kiribati,545,234,0,2014,0
2013,Bhutan,522,235,0,2014,0
2013,Niue,496,236,0,2014,0
2013,Northern Mariana Islands,450,237,0,2014,0
2013,Palau,403,238,0,2014,0
2013,Eastern Samoa,381,239,0,2014,0
2017,Brazil,2113,1,26,2018,5
2017,Germany,2109,2,71,2018,3
2017,Spain,2032,3,52,2018,4
2017,Portugal,1994,4,63,2018,4
2017,France,1989,5,0,2018,7
2017,Argentina,1984,6,0,2018,4
2017,England,1933,7,4,2018,7
2017,Belgium,1927,8,22,2018,7
2017,Colombia,1926,9,0,2018,4
2017,Italy,1906,10,0,2018,0
2017,Netherlands,1895,11,6,2018,0
2017,Peru,1881,12,47,2018,3
2017,Uruguay,1866,13,0,2018,5
2017,Switzerland,1866,13,9,2018,4
2017,Chile,1860,15,0,2018,0
2017,Croatia,1856,16,0,2018,7
2017,Mexico,1848,17,0,2018,4
2017,Poland,1842,18,0,2018,3
2017,Denmark,1841,19,125,2018,4
2017,Sweden,1825,20,57,2018,5
2017,Iceland,1811,21,46,2018,3
2017,Iran,1800,22,26,2018,3
2017,Serbia,1770,23,44,2018,3
2017,Wales,1763,24,3,2018,0
2017,South Korea,1760,25,0,2018,3
2017,Paraguay,1753,26,51,2018,0
2017,United States,1751,27,16,2018,0
2017,Senegal,1751,27,78,2018,3
2017,Slovakia,1748,29,0,2018,0
2017,Ecuador,1747,30,0,2018,0
2017,Costa Rica,1745,31,0,2018,3
2017,Ukraine,1738,32,0,2018,0
2017,Venezuela,1738,32,55,2018,0
2017,Ireland,1731,34,0,2018,0
2017,Australia,1727,35,18,2018,3
2017,Bosnia and Herzegovina,1723,36,0,2018,0
2017,Scotland,1721,37,50,2018,0
2017,Czechia,1713,38,15,2018,0
2017,Turkey,1712,39,0,2018,0
2017,Austria,1710,40,24,2018,0
2017,Bolivia,1707,41,74,2018,0
2017,Japan,1706,42,0,2018,4
2017,Nigeria,1699,43,30,2018,3
2017,Russia,1698,44,7,2018,5
2017,Morocco,1691,45,89,2018,3
2017,Romania,1688,46,7,2018,0
2017,Northern Ireland,1674,47,27,2018,0
2017,Panama,1671,48,0,2018,3
2017,Greece,1662,49,8,2018,0
2017,Egypt,1658,50,0,2018,3
2017,Cameroon,1645,51,27,2018,0
2017,Slovenia,1639,52,0,2018,0
2017,Tunisia,1623,53,32,2018,3
2017,Bulgaria,1620,54,34,2018,0
2017,Ghana,1617,55,24,2018,0
2017,Montenegro,1614,56,17,2018,0
2017,Hungary,1612,57,0,2018,0
2017,Uzbekistan,1610,58,0,2018,0
2017,Honduras,1610,58,47,2018,0
2017,Syria,1610,58,66,2018,0
2017,Albania,1609,61,29,2018,0
2017,Burkina Faso,1607,62,99,2018,0
2017,DR Congo,1606,63,29,2018,0
2017,Ivory Coast,1603,64,0,2018,0
2017,Finland,1595,65,55,2018,0
2017,Norway,1581,66,5,2018,0
2017,Iraq,1570,67,99,2018,0
2017,Saudi Arabia,1567,68,0,2018,3
2017,Jamaica,1565,69,50,2018,0
2017,China,1564,70,42,2018,0
2017,United Arab Emirates,1560,71,0,2018,0
2017,South Africa,1545,72,0,2018,0
2017,Algeria,1538,73,0,2018,0
2017,Israel,1534,74,0,2018,0
2017,Canada,1525,75,7,2018,0
2017,New Zealand,1524,76,0,2018,0
2017,Macedonia,1519,77,117,2018,0
2017,Mali,1515,78,0,2018,0
2017,Oman,1511,79,47,2018,0
2017,Guatemala,1510,80,0,2018,0
2017,Estonia,1508,81,69,2018,0
2017,Zambia,1501,82,58,2018,0
2017,Belarus,1498,83,0,2018,0
2017,Haiti,1494,84,18,2018,0
2017,Georgia,1482,85,9,2018,0
2017,Armenia,1480,86,0,2018,0
2017,Jordan,1480,86,0,2018,0
2017,Libya,1475,88,7,2018,0
2017,Zimbabwe,1472,89,53,2018,0
2017,Guinea,1472,89,0,2018,0
2017,Qatar,1464,91,0,2018,0
2017,Uganda,1461,92,0,2018,0
2017,El Salvador,1457,93,55,2018,0
2017,Northern Cyprus,1456,94,0,2018,0
2017,Lebanon,1451,95,85,2018,0
2017,North Korea,1448,96,0,2018,0
2017,Cape Verde,1428,97,0,2018,0
2017,Martinique,1425,98,0,2018,0
2017,Kurdistan,1425,98,0,2018,0
2017,Kuwait,1421,100,0,2018,0
2017,Trinidad and Tobago,1419,101,0,2018,0
2017,Bahrain,1418,102,0,2018,0
2017,Gabon,1415,103,0,2018,0
2017,Benin,1415,103,19,2018,0
2017,Cyprus,1410,105,4,2018,0
2017,Lithuania,1407,106,0,2018,0
2017,Thailand,1406,107,0,2018,0
2017,Palestine,1401,108,63,2018,0
2017,Azerbaijan,1400,109,0,2018,0
2017,Kenya,1397,110,9,2018,0
2017,Togo,1383,111,0,2018,0
2017,Congo,1382,112,0,2018,0
2017,Réunion,1381,113,0,2018,0
2017,Sierra Leone,1380,114,7,2018,0
2017,Namibia,1378,115,3,2018,0
2017,French Guiana,1376,116,23,2018,0
2017,Zanzibar,1372,117,81,2018,0
2017,Kosovo,1370,118,0,2018,0
2017,Madagascar,1368,119,124,2018,0
2017,Latvia,1362,120,0,2018,0
2017,Kazakhstan,1340,121,0,2018,0
2017,Equatorial Guinea,1332,122,0,2018,0
2017,Moldova,1331,123,0,2018,0
2017,Luxembourg,1321,124,78,2018,0
2017,Burundi,1317,125,5,2018,0
2017,Mozambique,1315,126,0,2018,0
2017,Cuba,1308,127,0,2018,0
2017,Liberia,1308,127,0,2018,0
2017,Malawi,1304,129,0,2018,0
2017,Mauritania,1302,130,0,2018,0
2017,Tanzania,1300,131,0,2018,0
2017,Niger,1297,132,2,2018,0
2017,Central African Republic,1297,132,2,2018,0
2017,Swaziland,1296,134,0,2018,0
2017,Guinea-Bissau,1292,135,13,2018,0
2017,Rwanda,1283,136,0,2018,0
2017,Faroe Islands,1280,137,0,2018,0
2017,Gambia,1278,138,0,2018,0
2017,Ethiopia,1277,139,0,2018,0
2017,Vietnam,1271,140,0,2018,0
2017,Lesotho,1270,141,51,2018,0
2017,Curaçao,1268,142,44,2018,0
2017,Nicaragua,1267,143,6,2018,0
2017,Guadeloupe,1265,144,0,2018,0
2017,Saint Kitts and Nevis,1255,145,0,2018,0
2017,Chad,1255,145,0,2018,0
2017,Fiji,1255,145,17,2018,0
2017,Botswana,1253,148,0,2018,0
2017,Turkmenistan,1252,149,0,2018,0
2017,Dominican Republic,1249,150,34,2018,0
2017,Sudan,1245,151,0,2018,0
2017,Suriname,1244,152,23,2018,0
2017,Angola,1241,153,19,2018,0
2017,Indonesia,1234,154,0,2018,0
2017,Vanuatu,1223,155,34,2018,0
2017,Mayotte,1219,156,0,2018,0
2017,Tahiti,1218,157,0,2018,0
2017,Malta,1216,158,1,2018,0
2017,Tajikistan,1213,159,0,2018,0
2017,New Caledonia,1210,160,0,2018,0
2017,Kyrgyzstan,1207,161,0,2018,0
2017,Antigua and Barbuda,1203,162,0,2018,0
2017,Solomon Islands,1199,163,66,2018,0
2017,Bermuda,1197,164,0,2018,0
2017,Hong Kong,1190,165,0,2018,0
2017,Guyana,1189,166,0,2018,0
2017,Yemen,1188,167,0,2018,0
2017,Liechtenstein,1168,168,0,2018,0
2017,India,1160,169,59,2018,0
2017,Philippines,1159,170,0,2018,0
2017,Belize,1159,170,0,2018,0
2017,Afghanistan,1149,172,9,2018,0
2017,Barbados,1137,173,2,2018,0
2017,Grenada,1111,174,0,2018,0
2017,St Vincent & Grenadines,1101,175,0,2018,0
2017,Saint Lucia,1098,176,0,2018,0
2017,Myanmar,1093,177,37,2018,0
2017,Papua New Guinea,1091,178,0,2018,0
2017,Gibraltar,1079,179,0,2018,0
2017,Eritrea,1078,180,0,2018,0
2017,São Tomé and Príncipe,1078,180,0,2018,0
2017,Mauritius,1069,182,0,2018,0
2017,Malaysia,1062,183,0,2018,0
2017,Singapore,1058,184,0,2018,0
2017,South Sudan,1057,185,0,2018,0
2017,Comoros,1041,186,58,2018,0
2017,Puerto Rico,1026,187,7,2018,0
2017,Andorra,1012,188,56,2018,0
2017,Dominica,1004,189,47,2018,0
2017,Somaliland,1002,190,0,2018,0
2017,Western Sahara,996,191,0,2018,0
2017,Bonaire,991,192,0,2018,0
2017,Taiwan,977,193,123,2018,0
2017,Greenland,963,194,0,2018,0
2017,Pakistan,949,195,0,2018,0
2017,Cayman Islands,947,196,0,2018,0
2017,Seychelles,940,197,0,2018,0
2017,Maldives,939,198,0,2018,0
2017,Aruba,917,199,0,2018,0
2017,Bahamas,904,200,0,2018,0
2017,Monaco,903,201,0,2018,0
2017,Nepal,901,202,0,2018,0
2017,Sint Maarten,880,203,0,2018,0
2017,Saint Martin,865,204,0,2018,0
2017,San Marino,853,205,0,2018,0
2017,Somalia,848,206,0,2018,0
2017,Guam,833,207,0,2018,0
2017,Cambodia,811,208,6,2018,0
2017,Bangladesh,803,209,0,2018,0
2017,Chagos Islands,798,210,0,2018,0
2017,Djibouti,792,211,39,2018,0
2017,Laos,783,212,0,2018,0
2017,Turks and Caicos Islands,763,213,0,2018,0
2017,Tuvalu,757,214,32,2018,0
2017,Sint Eustatius,757,214,0,2018,0
2017,US Virgin Islands,722,216,0,2018,0
2017,Wallis and Futuna,701,217,0,2018,0
2017,Saint Barthélemy,694,218,0,2018,0
2017,Vatican,692,219,6,2018,0
2017,Samoa,691,220,0,2018,0
2017,Sri Lanka,689,221,0,2018,0
2017,Cook Islands,687,222,0,2018,0
2017,Macao,679,223,0,2018,0
2017,Saint Pierre and Miquelon,677,224,0,2018,0
2017,Saba,671,225,0,2018,0
2017,Mongolia,653,226,0,2018,0
2017,Montserrat,645,227,0,2018,0
2017,East Timor,635,228,18,2018,0
2017,Tibet,631,229,0,2018,0
2017,Brunei,625,230,0,2018,0
2017,British Virgin Islands,605,231,0,2018,0
2017,Bhutan,592,232,0,2018,0
2017,Falkland Islands,580,233,0,2018,0
2017,FS Micronesia,564,234,0,2018,0
2017,Anguilla,553,235,0,2018,0
2017,Tonga,546,236,0,2018,0
2017,Kiribati,545,237,0,2018,0
2017,Niue,496,238,0,2018,0
2017,Eastern Samoa,463,239,0,2018,0
2017,Northern Mariana Islands,411,240,0,2018,0
2017,Palau,403,241,0,2018,0
2021,Brazil,2149,1,13,2022,5
2021,France,2114,2,22,2022,7
2021,Argentina,2101,3,110,2022,7
2021,Belgium,2075,4,0,2022,3
2021,Spain,2037,5,0,2022,4
2021,England,2032,6,70,2022,5
2021,Italy,2031,7,32,2022,0
2021,Portugal,1973,8,0,2022,5
2021,Germany,1963,9,7,2022,3
2021,Denmark,1937,10,10,2022,3
2021,Switzerland,1934,11,63,2022,4
2021,Netherlands,1929,12,0,2022,5
2021,Colombia,1904,13,8,2022,0
2021,United States,1860,14,114,2022,4
2021,Croatia,1858,15,0,2022,7
2021,Ecuador,1849,16,23,2022,3
2021,Uruguay,1847,17,0,2022,3
2021,Serbia,1847,17,58,2022,3
2021,Mexico,1840,19,0,2022,3
2021,Iran,1836,20,73,2022,3
2021,Wales,1836,20,7,2022,3
2021,Peru,1835,22,42,2022,0
2021,Czechia,1834,23,73,2022,0
2021,Sweden,1822,24,0,2022,0
2021,Ukraine,1817,25,0,2022,0
2021,Algeria,1801,26,51,2022,0
2021,Chile,1794,27,0,2022,0
2021,South Korea,1787,28,15,2022,4
2021,Canada,1785,29,184,2022,3
2021,Poland,1770,30,0,2022,4
2021,Morocco,1766,31,83,2022,7
2021,Russia,1761,32,18,2022,0
2021,Japan,1760,33,16,2022,4
2021,Norway,1733,34,0,2022,0
2021,Australia,1733,34,21,2022,4
2021,Austria,1731,36,0,2022,0
2021,Scotland,1729,37,69,2022,0
2021,Paraguay,1728,38,0,2022,0
2021,Turkey,1727,39,0,2022,0
2021,Hungary,1726,40,0,2022,0
2021,Finland,1722,41,14,2022,0
2021,Senegal,1705,42,0,2022,4
2021,Bolivia,1693,43,110,2022,0
2021,Ireland,1682,44,24,2022,0
2021,Venezuela,1677,45,0,2022,0
2021,Greece,1671,46,44,2022,0
2021,Slovakia,1667,47,3,2022,0
2021,Romania,1666,48,0,2022,0
2021,Qatar,1663,49,24,2022,3
2021,Egypt,1661,50,56,2022,0
2021,Ivory Coast,1648,51,29,2022,0
2021,Nigeria,1647,52,0,2022,0
2021,Tunisia,1640,53,22,2022,3
2021,North Macedonia,1630,54,61,2022,0
2021,Israel,1630,54,38,2022,0
2021,Saudi Arabia,1628,56,73,2022,3
2021,Panama,1628,56,93,2022,0
2021,Mali,1619,58,41,2022,0
2021,Costa Rica,1618,59,0,2022,3
2021,Slovenia,1616,60,0,2022,0
2021,Cameroon,1609,61,3,2022,3
2021,Ghana,1604,62,0,2022,3
2021,Northern Ireland,1602,63,16,2022,0
2021,Bosnia and Herzegovina,1600,64,0,2022,0
2021,Jamaica,1588,65,4,2022,0
2021,Albania,1587,66,30,2022,0
2021,Burkina Faso,1564,67,10,2022,0
2021,South Africa,1550,68,33,2022,0
2021,Iraq,1549,69,0,2022,0
2021,Georgia,1549,69,42,2022,0
2021,Iceland,1546,71,0,2022,0
2021,New Zealand,1528,72,43,2022,0
2021,Jordan,1528,72,39,2022,0
2021,Haiti,1527,74,0,2022,0
2021,Oman,1523,75,22,2022,0
2021,Uzbekistan,1521,76,0,2022,0
2021,Bulgaria,1518,77,13,2022,0
2021,Montenegro,1514,78,0,2022,0
2021,DR Congo,1514,78,10,2022,0
2021,China,1503,80,43,2022,0
2021,Bahrain,1503,80,0,2022,0
2021,El Salvador,1500,82,20,2022,0
2021,Armenia,1499,83,0,2022,0
2021,Honduras,1496,84,0,2022,0
2021,United Arab Emirates,1486,85,59,2022,0
2021,Kosovo,1471,86,0,2022,0
2021,Cape Verde,1471,86,81,2022,0
2021,Uganda,1462,88,0,2022,0
2021,Guatemala,1459,89,0,2022,0
2021,Northern Cyprus,1457,90,0,2022,0
2021,Belarus,1453,91,0,2022,0
2021,Benin,1444,92,0,2022,0
2021,Equatorial Guinea,1430,93,81,2022,0
2021,Estonia,1429,94,46,2022,0
2021,Syria,1427,95,0,2022,0
2021,Zambia,1426,96,0,2022,0
2021,Kurdistan,1425,97,0,2022,0
2021,Gabon,1416,98,0,2022,0
2021,Guinea,1408,99,0,2022,0
2021,Luxembourg,1407,100,44,2022,0
2021,Curaçao,1406,101,0,2022,0
2021,Palestine,1401,102,2,2022,0
2021,Guinea-Bissau,1391,103,93,2022,0
2021,Thailand,1390,104,32,2022,0
2021,Martinique,1387,105,0,2022,0
2021,Lebanon,1384,106,0,2022,0
2021,North Korea,1375,107,0,2022,0
2021,Kenya,1375,107,22,2022,0
2021,Kuwait,1371,109,0,2022,0
2021,Réunion,1369,110,0,2022,0
2021,Trinidad and Tobago,1368,111,23,2022,0
2021,Angola,1363,112,10,2022,0
2021,Namibia,1358,113,38,2022,0
2021,Liberia,1357,114,28,2022,0
2021,Gambia,1354,115,0,2022,0
2021,Mauritania,1353,116,12,2022,0
2021,Ethiopia,1350,117,72,2022,0
2021,Kazakhstan,1349,118,15,2022,0
2021,Sierra Leone,1338,119,0,2022,0
2021,Vietnam,1338,119,0,2022,0
2021,Suriname,1334,121,21,2022,0
2021,Libya,1333,122,0,2022,0
2021,Zanzibar,1328,123,0,2022,0
2021,Madagascar,1327,124,0,2022,0
2021,Latvia,1327,124,66,2022,0
2021,Togo,1326,126,29,2022,0
2021,Lithuania,1323,127,0,2022,0
2021,Azerbaijan,1321,128,0,2022,0
2021,Congo,1318,129,0,2022,0
2021,Zimbabwe,1316,130,0,2022,0
2021,Tanzania,1312,131,17,2022,0
2021,Sudan,1311,132,0,2022,0
2021,Mozambique,1307,133,16,2022,0
2021,Botswana,1300,134,0,2022,0
2021,Cyprus,1292,135,0,2022,0
2021,Turkmenistan,1288,136,24,2022,0
2021,Malawi,1284,137,0,2022,0
2021,Cuba,1277,138,8,2022,0
2021,Kyrgyzstan,1277,138,7,2022,0
2021,Central African Republic,1272,140,0,2022,0
2021,New Caledonia,1270,141,0,2022,0
2021,French Guiana,1270,141,6,2022,0
2021,Rwanda,1264,143,0,2022,0
2021,Tajikistan,1260,144,35,2022,0
2021,Niger,1250,145,0,2022,0
2021,Burundi,1249,146,0,2022,0
2021,Bermuda,1248,147,0,2022,0
2021,Eswatini,1246,148,120,2022,0
2021,Faroe Islands,1245,149,0,2022,0
2021,Comoros,1244,150,2,2022,0
2021,Malta,1232,151,17,2022,0
2021,Nicaragua,1231,152,22,2022,0
2021,Fiji,1229,153,0,2022,0
2021,Mayotte,1225,154,0,2022,0
2021,Guadeloupe,1213,155,5,2022,0
2021,India,1206,156,16,2022,0
2021,Indonesia,1205,157,88,2022,0
2021,Lesotho,1204,158,0,2022,0
2021,Saint Kitts and Nevis,1198,159,0,2022,0
2021,Tahiti,1194,160,0,2022,0
2021,Moldova,1190,161,0,2022,0
2021,Chad,1183,162,0,2022,0
2021,Vanuatu,1173,163,0,2022,0
2021,Dominican Republic,1170,164,0,2022,0
2021,Yemen,1169,165,0,2022,0
2021,Antigua and Barbuda,1165,166,7,2022,0
2021,Solomon Islands,1161,167,0,2022,0
2021,Hong Kong,1159,168,0,2022,0
2021,Papua New Guinea,1150,169,0,2022,0
2021,Malaysia,1144,170,0,2022,0
2021,Eritrea,1144,170,0,2022,0
2021,Guyana,1143,172,0,2022,0
2021,Afghanistan,1141,173,5,2022,0
2021,St Vincent & Grenadines,1140,174,0,2022,0
2021,Grenada,1136,175,0,2022,0
2021,Philippines,1130,176,0,2022,0
2021,Belize,1126,177,0,2022,0
2021,Singapore,1098,178,0,2022,0
2021,Liechtenstein,1094,179,0,2022,0
2021,South Sudan,1087,180,0,2022,0
2021,Barbados,1079,181,0,2022,0
2021,São Tomé and Príncipe,1067,182,0,2022,0
2021,Puerto Rico,1058,183,85,2022,0
2021,Andorra,1056,184,21,2022,0
2021,Gibraltar,1047,185,0,2022,0
2021,Saint Lucia,1036,186,0,2022,0
2021,Dominica,1023,187,0,2022,0
2021,Mauritius,1009,188,0,2022,0
2021,Somaliland,1002,189,0,2022,0
2021,Western Sahara,996,190,0,2022,0
2021,Greenland,963,191,0,2022,0
2021,Myanmar,961,192,0,2022,0
2021,Bonaire,958,193,0,2022,0
2021,Montserrat,940,194,79,2022,0
2021,Nepal,935,195,31,2022,0
2021,Somalia,912,196,0,2022,0
2021,Aruba,909,197,17,2022,0
2021,Monaco,903,198,0,2022,0
2021,Maldives,901,199,0,2022,0
2021,Seychelles,897,200,0,2022,0
2021,Cayman Islands,892,201,0,2022,0
2021,Djibouti,888,202,0,2022,0
2021,Taiwan,881,203,0,2022,0
2021,Pakistan,876,204,0,2022,0
2021,Bahamas,865,205,0,2022,0
2021,Cambodia,859,206,22,2022,0
2021,Bangladesh,854,207,12,2022,0
2021,Saint Martin,854,207,0,2022,0
2021,San Marino,794,209,0,2022,0
2021,Turks and Caicos Islands,777,210,0,2022,0
2021,Chagos Islands,776,211,0,2022,0
2021,Mongolia,767,212,36,2022,0
2021,Sint Maarten,764,213,0,2022,0
2021,Sint Eustatius,757,214,0,2022,0
2021,Tuvalu,738,215,0,2022,0
2021,Saint Barthélemy,713,216,0,2022,0
2021,Wallis and Futuna,701,217,0,2022,0
2021,Guam,700,218,0,2022,0
2021,Macao,697,219,0,2022,0
2021,Vatican,692,220,0,2022,0
2021,Cook Islands,687,221,0,2022,0
2021,Sri Lanka,679,222,19,2022,0
2021,Samoa,678,223,0,2022,0
2021,Saint Pierre and Miquelon,677,224,0,2022,0
2021,Saba,671,225,0,2022,0
2021,Laos,660,226,0,2022,0
2021,US Virgin Islands,659,227,0,2022,0
2021,Tibet,630,228,0,2022,0
2021,East Timor,623,229,0,2022,0
2021,Brunei,620,230,0,2022,0
2021,British Virgin Islands,602,231,0,2022,0
2021,Falkland Islands,580,232,0,2022,0
2021,FS Micronesia,564,233,0,2022,0
2021,Bhutan,563,234,0,2022,0
2021,Anguilla,557,235,9,2022,0
2021,Kiribati,545,236,0,2022,0
2021,Tonga,528,237,0,2022,0
2021,Niue,496,238,0,2022,0
2021,Eastern Samoa,472,239,0,2022,0
2021,Northern Mariana Islands,409,240,0,2022,0
2021,Palau,403,241,0,2022,0
